scenario,step,equity,drawdown
baseline_low_cost_lookback_20,0,1.0,0.0
baseline_low_cost_lookback_20,1,1.0,0.0
baseline_low_cost_lookback_20,2,1.0,0.0
baseline_low_cost_lookback_20,3,1.0,0.0
baseline_low_cost_lookback_20,4,1.0,0.0
baseline_low_cost_lookback_20,5,1.0,0.0
baseline_low_cost_lookback_20,6,1.0,0.0
baseline_low_cost_lookback_20,7,1.0,0.0
baseline_low_cost_lookback_20,8,1.0,0.0
baseline_low_cost_lookback_20,9,1.0,0.0
baseline_low_cost_lookback_20,10,1.0,0.0
baseline_low_cost_lookback_20,11,1.0,0.0
baseline_low_cost_lookback_20,12,1.0,0.0
baseline_low_cost_lookback_20,13,1.0,0.0
baseline_low_cost_lookback_20,14,1.0,0.0
baseline_low_cost_lookback_20,15,1.0,0.0
baseline_low_cost_lookback_20,16,1.0,0.0
baseline_low_cost_lookback_20,17,1.0,0.0
baseline_low_cost_lookback_20,18,1.0,0.0
baseline_low_cost_lookback_20,19,1.0,0.0
baseline_low_cost_lookback_20,20,1.0,0.0
baseline_low_cost_lookback_20,21,1.0,0.0
baseline_low_cost_lookback_20,22,0.9995856761830477,-0.0004143238169522778
baseline_low_cost_lookback_20,23,0.9986120677410829,-0.0013879322589170906
baseline_low_cost_lookback_20,24,0.9976401856681424,-0.0023598143318576126
baseline_low_cost_lookback_20,25,0.99755425674795,-0.0024457432520500477
baseline_low_cost_lookback_20,26,0.9975072294696039,-0.0024927705303960934
baseline_low_cost_lookback_20,27,0.9975785788817635,-0.002421421118236511
baseline_low_cost_lookback_20,28,0.9975281629544646,-0.002471837045535441
baseline_low_cost_lookback_20,29,0.9966912018965536,-0.0033087981034464198
baseline_low_cost_lookback_20,30,0.9980803430050735,-0.0019196569949264664
baseline_low_cost_lookback_20,31,0.9967378475070842,-0.0032621524929158374
baseline_low_cost_lookback_20,32,0.9980641148820221,-0.0019358851179779313
baseline_low_cost_lookback_20,33,0.9993029779929968,-0.0006970220070031674
baseline_low_cost_lookback_20,34,0.9975417195625337,-0.0024582804374663203
baseline_low_cost_lookback_20,35,0.9958078113552602,-0.004192188644739803
baseline_low_cost_lookback_20,36,0.9944747819265218,-0.005525218073478166
baseline_low_cost_lookback_20,37,0.9950164851260485,-0.0049835148739515445
baseline_low_cost_lookback_20,38,0.9973715535299602,-0.0026284464700397914
baseline_low_cost_lookback_20,39,0.9977378080506706,-0.0022621919493294174
baseline_low_cost_lookback_20,40,0.9960304727502626,-0.003969527249737426
baseline_low_cost_lookback_20,41,0.9978064401840132,-0.0021935598159867897
baseline_low_cost_lookback_20,42,0.9995753204190798,-0.0004246795809201842
baseline_low_cost_lookback_20,43,1.0017538173346459,0.0
baseline_low_cost_lookback_20,44,1.0015348385942406,-0.00021859536406643176
baseline_low_cost_lookback_20,45,1.0009087652059905,-0.000843572656307745
baseline_low_cost_lookback_20,46,1.0012618878815653,-0.0004910682091427976
baseline_low_cost_lookback_20,47,1.0027258987175351,0.0
baseline_low_cost_lookback_20,48,1.0029012699458506,0.0
baseline_low_cost_lookback_20,49,1.0015535224888263,-0.0013438485894997632
baseline_low_cost_lookback_20,50,1.0011662245298076,-0.0017300261431881792
baseline_low_cost_lookback_20,51,0.9993024202103651,-0.003588438706114916
baseline_low_cost_lookback_20,52,0.9981502380308481,-0.004737287764386866
baseline_low_cost_lookback_20,53,0.9956727345059765,-0.007207624176469918
baseline_low_cost_lookback_20,54,0.9980842698338912,-0.0048030651234687305
baseline_low_cost_lookback_20,55,0.9981679102699262,-0.004719666648921428
baseline_low_cost_lookback_20,56,0.9976929061195525,-0.005193296670747305
baseline_low_cost_lookback_20,57,0.9979682777245453,-0.004918721681917537
baseline_low_cost_lookback_20,58,0.9988285054915544,-0.0040609824479692636
baseline_low_cost_lookback_20,59,0.9994051013197756,-0.003486054640516878
baseline_low_cost_lookback_20,60,0.9996054043452396,-0.0032863310670540047
baseline_low_cost_lookback_20,61,1.000110766416988,-0.002782430945583836
baseline_low_cost_lookback_20,62,0.9994622312371748,-0.003429089992937673
baseline_low_cost_lookback_20,63,0.9992846128657719,-0.0036061945362517722
baseline_low_cost_lookback_20,64,0.9981910543912479,-0.004696589480694402
baseline_low_cost_lookback_20,65,0.996907226849352,-0.0059767030675136334
baseline_low_cost_lookback_20,66,0.9947827552708604,-0.008095028811189509
baseline_low_cost_lookback_20,67,0.994247774368821,-0.008628462079319998
baseline_low_cost_lookback_20,68,0.9954761036390468,-0.0074036862145011595
baseline_low_cost_lookback_20,69,0.9953464167816819,-0.007532997903748395
baseline_low_cost_lookback_20,70,0.9955088397567622,-0.007371044798345494
baseline_low_cost_lookback_20,71,0.9969529589522523,-0.005931103261958559
baseline_low_cost_lookback_20,72,0.9956780226642166,-0.007202351316220823
baseline_low_cost_lookback_20,73,0.9953694536088197,-0.0075100277193164144
baseline_low_cost_lookback_20,74,0.9930638957204534,-0.009808915912459026
baseline_low_cost_lookback_20,75,0.9916411731682074,-0.011227522703457282
baseline_low_cost_lookback_20,76,0.9916970976402435,-0.01117176001403608
baseline_low_cost_lookback_20,77,0.993246582563217,-0.009626757560248111
baseline_low_cost_lookback_20,78,0.9936169217405982,-0.009257489728528911
baseline_low_cost_lookback_20,79,0.994930249367405,-0.007947961396913894
baseline_low_cost_lookback_20,80,0.9962570160724044,-0.006625032864705616
baseline_low_cost_lookback_20,81,0.9966620286644389,-0.006221191924254521
baseline_low_cost_lookback_20,82,0.9953446419800575,-0.007534767571090173
baseline_low_cost_lookback_20,83,0.9957586550739855,-0.0071219521660897955
baseline_low_cost_lookback_20,84,0.9961378399957659,-0.006743864179621473
baseline_low_cost_lookback_20,85,0.9964104988662226,-0.006471994077720589
baseline_low_cost_lookback_20,86,0.9960528245560568,-0.006828633680126428
baseline_low_cost_lookback_20,87,0.9952081537512052,-0.007670860956294101
baseline_low_cost_lookback_20,88,0.9950912356916589,-0.007787440786283351
baseline_low_cost_lookback_20,89,0.9960291836220272,-0.006852206223843416
baseline_low_cost_lookback_20,90,0.9964083293393696,-0.006474157328399399
baseline_low_cost_lookback_20,91,0.9972763337508674,-0.005608663946837789
baseline_low_cost_lookback_20,92,0.9977930339771749,-0.005093458470694201
baseline_low_cost_lookback_20,93,1.0004348646314631,-0.002459270307356043
baseline_low_cost_lookback_20,94,0.9998421818788256,-0.0030502385017322498
baseline_low_cost_lookback_20,95,0.9989991200973092,-0.0038908614092711957
baseline_low_cost_lookback_20,96,0.9983025197829302,-0.004585446544672078
baseline_low_cost_lookback_20,97,0.9993743481289825,-0.0035167188661138216
baseline_low_cost_lookback_20,98,0.9980023236976358,-0.004884774199637176
baseline_low_cost_lookback_20,99,0.9988757931002608,-0.004013831636495158
baseline_low_cost_lookback_20,100,0.9979614885284305,-0.004925491237723567
baseline_low_cost_lookback_20,101,0.9962946452542913,-0.0065875125394107
baseline_low_cost_lookback_20,102,0.996269865926984,-0.006612220183173867
baseline_low_cost_lookback_20,103,0.9962975010481586,-0.0065846650070037205
baseline_low_cost_lookback_20,104,0.9961344555777498,-0.006747238806932732
baseline_low_cost_lookback_20,105,0.996079563925718,-0.006801971664170847
baseline_low_cost_lookback_20,106,0.9970354919924623,-0.005848808979676545
baseline_low_cost_lookback_20,107,0.9978131695422684,-0.0050733811553124175
baseline_low_cost_lookback_20,108,0.995212845267603,-0.007666183011875827
baseline_low_cost_lookback_20,109,0.993183327952447,-0.009689829183213927
baseline_low_cost_lookback_20,110,0.9922978910503724,-0.010572704625302465
baseline_low_cost_lookback_20,111,0.991934485949395,-0.010935058440047385
baseline_low_cost_lookback_20,112,0.9933191675607421,-0.009554382542187656
baseline_low_cost_lookback_20,113,0.9924271599029723,-0.010443809731583875
baseline_low_cost_lookback_20,114,0.9925869379699012,-0.010284493882938617
baseline_low_cost_lookback_20,115,0.9933701452731228,-0.009503552302055018
baseline_low_cost_lookback_20,116,0.9925214293555338,-0.010349812988946772
baseline_low_cost_lookback_20,117,0.991333291624133,-0.011534513584116057
baseline_low_cost_lookback_20,118,0.9913378250467639,-0.01152999327611881
baseline_low_cost_lookback_20,119,0.9895894705372608,-0.013273290011197814
baseline_low_cost_lookback_20,120,0.9874488995980888,-0.015407668542085085
baseline_low_cost_lookback_20,121,0.985076624202269,-0.01777308123714305
baseline_low_cost_lookback_20,122,0.9850280758031131,-0.01782148919175508
baseline_low_cost_lookback_20,123,0.9863907428012033,-0.016462764221585546
baseline_low_cost_lookback_20,124,0.9846764621720432,-0.018172085647863878
baseline_low_cost_lookback_20,125,0.983266237409703,-0.019578230803524388
baseline_low_cost_lookback_20,126,0.9814283827773698,-0.021410768748592934
baseline_low_cost_lookback_20,127,0.9824833365710579,-0.02035886680639576
baseline_low_cost_lookback_20,128,0.9813919451689934,-0.021447100947452724
baseline_low_cost_lookback_20,129,0.9827469008966423,-0.020096064939968072
baseline_low_cost_lookback_20,130,0.9832597777228314,-0.01958467180331691
baseline_low_cost_lookback_20,131,0.9812165814074078,-0.02162195740325834
baseline_low_cost_lookback_20,132,0.981088067792955,-0.021750099243640797
baseline_low_cost_lookback_20,133,0.9789316100487582,-0.023900318620981076
baseline_low_cost_lookback_20,134,0.9779438257956956,-0.024885245335767192
baseline_low_cost_lookback_20,135,0.9781092775311024,-0.024720272231868567
baseline_low_cost_lookback_20,136,0.9790590832976122,-0.02377321413654776
baseline_low_cost_lookback_20,137,0.9774347463471731,-0.025392852080098116
baseline_low_cost_lookback_20,138,0.9765819175735032,-0.026243213725084313
baseline_low_cost_lookback_20,139,0.976792144756155,-0.026033594703799068
baseline_low_cost_lookback_20,140,0.9748983000969851,-0.027921960703447435
baseline_low_cost_lookback_20,141,0.9742177590531161,-0.02860053302583132
baseline_low_cost_lookback_20,142,0.9734154018492616,-0.029400569109042096
baseline_low_cost_lookback_20,143,0.9718044902649007,-0.03100682052444592
baseline_low_cost_lookback_20,144,0.9746952256065521,-0.02812444772437217
baseline_low_cost_lookback_20,145,0.974816733053201,-0.028003291783812334
baseline_low_cost_lookback_20,146,0.9745643231737988,-0.02825497147249778
baseline_low_cost_lookback_20,147,0.9757206825638167,-0.027101957287880785
baseline_low_cost_lookback_20,148,0.975491458978342,-0.02733051775773354
baseline_low_cost_lookback_20,149,0.9737153110948021,-0.029101527464038712
baseline_low_cost_lookback_20,150,0.9732822545869523,-0.029533331192708068
baseline_low_cost_lookback_20,151,0.9725831186157606,-0.03023044464957847
baseline_low_cost_lookback_20,152,0.9712617382549994,-0.03154800241957967
baseline_low_cost_lookback_20,153,0.9715275839007729,-0.03128292583254155
baseline_low_cost_lookback_20,154,0.9713363600557785,-0.03147359649048642
baseline_low_cost_lookback_20,155,0.9702589812790244,-0.03254785854303344
baseline_low_cost_lookback_20,156,0.9701969717657483,-0.03260968867041936
baseline_low_cost_lookback_20,157,0.9707518375487213,-0.0320564280458685
baseline_low_cost_lookback_20,158,0.9707269084175422,-0.032081285060139186
baseline_low_cost_lookback_20,159,0.9712993450739518,-0.03151050439252623
baseline_low_cost_lookback_20,160,0.9727719571839691,-0.030042152368107256
baseline_low_cost_lookback_20,161,0.9714371464209904,-0.031373101687825145
baseline_low_cost_lookback_20,162,0.9718772104095541,-0.03093431075022124
baseline_low_cost_lookback_20,163,0.9700346671776321,-0.03277152373133707
baseline_low_cost_lookback_20,164,0.9706399765493376,-0.03216796544514777
baseline_low_cost_lookback_20,165,0.9701686550448094,-0.0326379234745694
baseline_low_cost_lookback_20,166,0.9692770788222994,-0.03352692047679495
baseline_low_cost_lookback_20,167,0.9691179793294282,-0.03368555971441378
baseline_low_cost_lookback_20,168,0.9689898823927446,-0.03381328608242462
baseline_low_cost_lookback_20,169,0.9703394059515238,-0.032467666529213735
baseline_low_cost_lookback_20,170,0.9719374695254743,-0.03087422595650724
baseline_low_cost_lookback_20,171,0.9730430473108628,-0.02977184647158737
baseline_low_cost_lookback_20,172,0.9742824486983945,-0.0285360305197353
baseline_low_cost_lookback_20,173,0.9741882724628554,-0.02862993431501537
baseline_low_cost_lookback_20,174,0.9754551022024825,-0.027366769357914933
baseline_low_cost_lookback_20,175,0.9741333481757659,-0.028684699712901884
baseline_low_cost_lookback_20,176,0.9750644627663411,-0.027756278722244065
baseline_low_cost_lookback_20,177,0.9745366821982876,-0.0282825324860686
baseline_low_cost_lookback_20,178,0.9736663978886272,-0.029150299170327965
baseline_low_cost_lookback_20,179,0.9734728201450352,-0.029343316917331608
baseline_low_cost_lookback_20,180,0.9721507187289243,-0.030661593656758024
baseline_low_cost_lookback_20,181,0.9716974343766481,-0.031113566713189322
baseline_low_cost_lookback_20,182,0.973331245930058,-0.02948448157552852
baseline_low_cost_lookback_20,183,0.9717631100592974,-0.03104808102220713
baseline_low_cost_lookback_20,184,0.9727521498084214,-0.03006190244335516
baseline_low_cost_lookback_20,185,0.9734226275919304,-0.02939336426955741
baseline_low_cost_lookback_20,186,0.9734139668374586,-0.029401999969532522
baseline_low_cost_lookback_20,187,0.9723537627440566,-0.03045913702297265
baseline_low_cost_lookback_20,188,0.9717370425366529,-0.031074073134716773
baseline_low_cost_lookback_20,189,0.9720624289923799,-0.03074962798196057
baseline_low_cost_lookback_20,190,0.9729285406867206,-0.029886021842158272
baseline_low_cost_lookback_20,191,0.9738327350720485,-0.028984443179907005
baseline_low_cost_lookback_20,192,0.9736715418692199,-0.029145170070638104
baseline_low_cost_lookback_20,193,0.9735951280065411,-0.02922136287741639
baseline_low_cost_lookback_20,194,0.971467301369579,-0.03134303397379168
baseline_low_cost_lookback_20,195,0.9710476647400103,-0.0317614566462362
baseline_low_cost_lookback_20,196,0.9712386241913967,-0.03157104961704105
baseline_low_cost_lookback_20,197,0.9707585553361391,-0.032049729692183004
baseline_low_cost_lookback_20,198,0.9706334000939735,-0.032174522875635936
baseline_low_cost_lookback_20,199,0.9720893478676921,-0.030722786979641703
baseline_low_cost_lookback_20,200,0.9733166932225329,-0.02949899218386176
baseline_low_cost_lookback_20,201,0.9736951811299791,-0.029121599195350956
baseline_low_cost_lookback_20,202,0.972659340934578,-0.030154442832548756
baseline_low_cost_lookback_20,203,0.9709185647983145,-0.0318901831176891
baseline_low_cost_lookback_20,204,0.9718811595343327,-0.03093037304977464
baseline_low_cost_lookback_20,205,0.9726740768563121,-0.03013974954002252
baseline_low_cost_lookback_20,206,0.9734888966157738,-0.029327286953844345
baseline_low_cost_lookback_20,207,0.9712014697776683,-0.03160809654762309
baseline_low_cost_lookback_20,208,0.9708173235547133,-0.03199113148283239
baseline_low_cost_lookback_20,209,0.9712713212781435,-0.03153844711894205
baseline_low_cost_lookback_20,210,0.9711713599120065,-0.03163811930914917
baseline_low_cost_lookback_20,211,0.9723945127555255,-0.030418504896271847
baseline_low_cost_lookback_20,212,0.9721535242231212,-0.030658796278510647
baseline_low_cost_lookback_20,213,0.972683485757638,-0.030130367857490237
baseline_low_cost_lookback_20,214,0.9724712558321335,-0.030341983827939623
baseline_low_cost_lookback_20,215,0.9713311833106957,-0.03147875825988278
baseline_low_cost_lookback_20,216,0.9709603591168171,-0.03184850970500619
baseline_low_cost_lookback_20,217,0.9714228265967341,-0.031387380086592365
baseline_low_cost_lookback_20,218,0.970811895795072,-0.03199654354063308
baseline_low_cost_lookback_20,219,0.970756939852909,-0.032051340502018855
baseline_low_cost_lookback_20,220,0.9714423606194843,-0.03136790257336586
baseline_low_cost_lookback_20,221,0.9721941138202556,-0.030618324102085315
baseline_low_cost_lookback_20,222,0.971382531104748,-0.03142755900867922
baseline_low_cost_lookback_20,223,0.9725773686519671,-0.030236177979434342
baseline_low_cost_lookback_20,224,0.9748305619579274,-0.02798950288440538
baseline_low_cost_lookback_20,225,0.9753159822115676,-0.027505486891817865
baseline_low_cost_lookback_20,226,0.9764809823777013,-0.026343856927786957
baseline_low_cost_lookback_20,227,0.9771254176928296,-0.025701285884713987
baseline_low_cost_lookback_20,228,0.97631974466276,-0.026504628201862612
baseline_low_cost_lookback_20,229,0.9748886567203138,-0.027931576183016782
baseline_low_cost_lookback_20,230,0.9746199174513998,-0.028199538022299908
baseline_low_cost_lookback_20,231,0.976009770314282,-0.026813705832699264
baseline_low_cost_lookback_20,232,0.9759627342044946,-0.026860605872809806
baseline_low_cost_lookback_20,233,0.9782368911193573,-0.024593027814019064
baseline_low_cost_lookback_20,234,0.9784662041154023,-0.02436437819224979
baseline_low_cost_lookback_20,235,0.9777254056944625,-0.025103033574528588
baseline_low_cost_lookback_20,236,0.9780087394469943,-0.024820519471672742
baseline_low_cost_lookback_20,237,0.9793599214904177,-0.023473246231609513
baseline_low_cost_lookback_20,238,0.9797604287857399,-0.023073897554601874
baseline_low_cost_lookback_20,239,0.9807995220990698,-0.02203781021034512
baseline_low_cost_lookback_20,240,0.9807239172852018,-0.022113196308791383
baseline_low_cost_lookback_20,241,0.9803155235687679,-0.02252040859246507
baseline_low_cost_lookback_20,242,0.9808011533738916,-0.022036183654600694
baseline_low_cost_lookback_20,243,0.9825350281118662,-0.020307324802853244
baseline_low_cost_lookback_20,244,0.9824231255060507,-0.020418903688202095
baseline_low_cost_lookback_20,245,0.9835994480503565,-0.019245984100245805
baseline_low_cost_lookback_20,246,0.9839738123421784,-0.01887270279824671
baseline_low_cost_lookback_20,247,0.9845333153039706,-0.018314818409664313
baseline_low_cost_lookback_20,248,0.9836268968234673,-0.019218614733057415
baseline_low_cost_lookback_20,249,0.9833866023573175,-0.019458214056889966
baseline_low_cost_lookback_20,250,0.9837849421672151,-0.019061026595038277
baseline_low_cost_lookback_20,251,0.9840978533573905,-0.01874902061842565
baseline_low_cost_lookback_20,252,0.9846670504389059,-0.0181814701540155
baseline_low_cost_lookback_20,253,0.9862135371374352,-0.016639457251177325
baseline_low_cost_lookback_20,254,0.9872048089696808,-0.01565105304634551
baseline_low_cost_lookback_20,255,0.9874681732501481,-0.0153884506463291
baseline_low_cost_lookback_20,256,0.9869901077348721,-0.01586513317690552
baseline_low_cost_lookback_20,257,0.9865616145759734,-0.016292386757830624
baseline_low_cost_lookback_20,258,0.9866854476021314,-0.016168911965376953
baseline_low_cost_lookback_20,259,0.9879359363054995,-0.014922040771928824
baseline_low_cost_lookback_20,260,0.9867396414476798,-0.01611487489595409
baseline_low_cost_lookback_20,261,0.9865610790389955,-0.016292920745565875
baseline_low_cost_lookback_20,262,0.9867147843997047,-0.016139660035548453
baseline_low_cost_lookback_20,263,0.9866234019492616,-0.016230778127809042
baseline_low_cost_lookback_20,264,0.9865698153185196,-0.016284209739023225
baseline_low_cost_lookback_20,265,0.9876001514240875,-0.01525685426900425
baseline_low_cost_lookback_20,266,0.9884942084832338,-0.014365383606897542
baseline_low_cost_lookback_20,267,0.9888809318889805,-0.013979778944369192
baseline_low_cost_lookback_20,268,0.9887419970238086,-0.014118311888074997
baseline_low_cost_lookback_20,269,0.9891166566389014,-0.01374473611713889
baseline_low_cost_lookback_20,270,0.9892122917108657,-0.013649377705667876
baseline_low_cost_lookback_20,271,0.9862199772872192,-0.01663303573195396
baseline_low_cost_lookback_20,272,0.9867388343851046,-0.016115679623796564
baseline_low_cost_lookback_20,273,0.9860969241520833,-0.016755732889514263
baseline_low_cost_lookback_20,274,0.9867537129201649,-0.016100844130507053
baseline_low_cost_lookback_20,275,0.9855322212659346,-0.01731880215971182
baseline_low_cost_lookback_20,276,0.9859918256730538,-0.0168605273315785
baseline_low_cost_lookback_20,277,0.9850495446833942,-0.017800082418302443
baseline_low_cost_lookback_20,278,0.9853464246123593,-0.01750406132643456
baseline_low_cost_lookback_20,279,0.9847882041435714,-0.01806066693210706
baseline_low_cost_lookback_20,280,0.9862453639148328,-0.016607722544729753
baseline_low_cost_lookback_20,281,0.9872228463608274,-0.015633067835151726
baseline_low_cost_lookback_20,282,0.9871513329357634,-0.015704374380678177
baseline_low_cost_lookback_20,283,0.9876221436797242,-0.015234925634256435
baseline_low_cost_lookback_20,284,0.9894817366773085,-0.013380712210352086
baseline_low_cost_lookback_20,285,0.9892763541509447,-0.013585500590343802
baseline_low_cost_lookback_20,286,0.9896249378698626,-0.013237925281224139
baseline_low_cost_lookback_20,287,0.9904265092466508,-0.01243867275177879
baseline_low_cost_lookback_20,288,0.9906503210960665,-0.012215508362498628
baseline_low_cost_lookback_20,289,0.9910298305278347,-0.011837096804810043
baseline_low_cost_lookback_20,290,0.9899542052967417,-0.01290961038448768
baseline_low_cost_lookback_20,291,0.9890904516489163,-0.01377086529931304
baseline_low_cost_lookback_20,292,0.9876304481118315,-0.015226645225849156
baseline_low_cost_lookback_20,293,0.9865079633245692,-0.016345882802767275
baseline_low_cost_lookback_20,294,0.9856030199264805,-0.01724820831097773
baseline_low_cost_lookback_20,295,0.9857823262046215,-0.017069420743831998
baseline_low_cost_lookback_20,296,0.9850538723337583,-0.01779576728729837
baseline_low_cost_lookback_20,297,0.9841202290316878,-0.018726709674200315
baseline_low_cost_lookback_20,298,0.9845460513945498,-0.01830211916302782
baseline_low_cost_lookback_20,299,0.9831360026554018,-0.019708088804709534
baseline_low_cost_lookback_20,300,0.9816298250833664,-0.021209909190395893
baseline_low_cost_lookback_20,301,0.980921885259497,-0.02191580103148172
baseline_low_cost_lookback_20,302,0.9833461333231005,-0.019498566019171548
baseline_low_cost_lookback_20,303,0.9816141266479469,-0.021225562212173754
baseline_low_cost_lookback_20,304,0.9805085798960135,-0.02232791075341456
baseline_low_cost_lookback_20,305,0.9802446233919837,-0.0225911036637636
baseline_low_cost_lookback_20,306,0.9810894082276824,-0.021748762686626066
baseline_low_cost_lookback_20,307,0.9821208095934987,-0.020720345038025445
baseline_low_cost_lookback_20,308,0.98022307219889,-0.022612592511907947
baseline_low_cost_lookback_20,309,0.9801110856672823,-0.0227242550802621
baseline_low_cost_lookback_20,310,0.9801528461425488,-0.022682615412911056
baseline_low_cost_lookback_20,311,0.9802982477895648,-0.022537634394965145
baseline_low_cost_lookback_20,312,0.9785321480449213,-0.024298625030403143
baseline_low_cost_lookback_20,313,0.9774959119401885,-0.025331863431615642
baseline_low_cost_lookback_20,314,0.9767282076571291,-0.026097346840666225
baseline_low_cost_lookback_20,315,0.9764887311457677,-0.026336130575952854
baseline_low_cost_lookback_20,316,0.9779530864658814,-0.02487601145556051
baseline_low_cost_lookback_20,317,0.9778479106554475,-0.024980883005318977
baseline_low_cost_lookback_20,318,0.978063974315112,-0.02476544439123063
baseline_low_cost_lookback_20,319,0.9781775636035874,-0.02465218370258726
baseline_low_cost_lookback_20,320,0.978073001889373,-0.024756442932631018
baseline_low_cost_lookback_20,321,0.9776705320466006,-0.025157748479680664
baseline_low_cost_lookback_20,322,0.9783875854703017,-0.024442769403285824
baseline_low_cost_lookback_20,323,0.976541979879738,-0.026283035884016592
baseline_low_cost_lookback_20,324,0.9768924629293261,-0.025933566738756686
baseline_low_cost_lookback_20,325,0.9763475379908816,-0.02647691527641871
baseline_low_cost_lookback_20,326,0.9723941289593827,-0.03041888758213962
baseline_low_cost_lookback_20,327,0.9732705794535041,-0.02954497255143196
baseline_low_cost_lookback_20,328,0.9718108672726219,-0.03100046196462325
baseline_low_cost_lookback_20,329,0.9716679686492585,-0.031142947199855886
baseline_low_cost_lookback_20,330,0.9721364062601509,-0.030675864721320778
baseline_low_cost_lookback_20,331,0.972727843141639,-0.030086138793942063
baseline_low_cost_lookback_20,332,0.9714877974793606,-0.031322597156733134
baseline_low_cost_lookback_20,333,0.9723174974636647,-0.030495297392371667
baseline_low_cost_lookback_20,334,0.9707915078017187,-0.03201687255403074
baseline_low_cost_lookback_20,335,0.9677472068729444,-0.03505236669488343
baseline_low_cost_lookback_20,336,0.9672818204224292,-0.03551640683967294
baseline_low_cost_lookback_20,337,0.9666911941646957,-0.0361053244883317
baseline_low_cost_lookback_20,338,0.9662805632505758,-0.03651476749775384
baseline_low_cost_lookback_20,339,0.9662591497112213,-0.03653611909037435
baseline_low_cost_lookback_20,340,0.9668771278589681,-0.03591992867735383
baseline_low_cost_lookback_20,341,0.9673941977916425,-0.03540435456435831
baseline_low_cost_lookback_20,342,0.9663258063835793,-0.03646965524756596
baseline_low_cost_lookback_20,343,0.9656199417074623,-0.03717347794404646
baseline_low_cost_lookback_20,344,0.9644546805568556,-0.03833536813755445
baseline_low_cost_lookback_20,345,0.964183908227504,-0.038605357155881426
baseline_low_cost_lookback_20,346,0.9631000561887487,-0.0396860737440794
baseline_low_cost_lookback_20,347,0.9624810908852717,-0.0403032484571102
baseline_low_cost_lookback_20,348,0.9617664614389351,-0.04101581056840875
baseline_low_cost_lookback_20,349,0.9628068140547452,-0.03997846756467882
baseline_low_cost_lookback_20,350,0.9595666335446242,-0.043209274631356376
baseline_low_cost_lookback_20,351,0.961714405480146,-0.041067715935715565
baseline_low_cost_lookback_20,352,0.9602959567141314,-0.0424820613040201
baseline_low_cost_lookback_20,353,0.9610253809286049,-0.041754747224028055
baseline_low_cost_lookback_20,354,0.9610503809679591,-0.04172981950671084
baseline_low_cost_lookback_20,355,0.9619670648261437,-0.04081578750211079
baseline_low_cost_lookback_20,356,0.9610004209921155,-0.041779634954493106
baseline_low_cost_lookback_20,357,0.961641061373601,-0.041140847866786956
baseline_low_cost_lookback_20,358,0.9606039535068154,-0.04217495550815187
baseline_low_cost_lookback_20,359,0.9582618299160888,-0.04451030362357811
baseline_low_cost_lookback_20,360,0.9573865743341033,-0.04538302719888343
baseline_low_cost_lookback_20,361,0.9560581726346382,-0.04670758599571978
baseline_low_cost_lookback_20,362,0.9552110202259054,-0.04755228769679398
baseline_low_cost_lookback_20,363,0.9551422663712599,-0.04762084265499966
baseline_low_cost_lookback_20,364,0.9533040397947171,-0.04945375146828901
baseline_low_cost_lookback_20,365,0.9545259472255896,-0.04823537886523255
baseline_low_cost_lookback_20,366,0.9552885348148659,-0.04747499734799965
baseline_low_cost_lookback_20,367,0.9539558508273037,-0.0488038260448006
baseline_low_cost_lookback_20,368,0.9533749951736652,-0.04938300135451967
baseline_low_cost_lookback_20,369,0.9533893370271587,-0.049368700990243264
baseline_low_cost_lookback_20,370,0.9530834567365281,-0.04967369640683805
baseline_low_cost_lookback_20,371,0.9541211512983685,-0.04863900376765484
baseline_low_cost_lookback_20,372,0.9510427392191231,-0.05170851037961843
baseline_low_cost_lookback_20,373,0.9492813891405065,-0.053464765089228705
baseline_low_cost_lookback_20,374,0.9480589702271078,-0.054683647695155324
baseline_low_cost_lookback_20,375,0.9505807727003627,-0.05216914048609478
baseline_low_cost_lookback_20,376,0.9521430231220416,-0.050611409462617996
baseline_low_cost_lookback_20,377,0.9509478617323275,-0.051803113397521416
baseline_low_cost_lookback_20,378,0.9523415484111365,-0.050413458482751694
baseline_low_cost_lookback_20,379,0.9522785870910527,-0.05047623766348519
baseline_low_cost_lookback_20,380,0.9507834905677773,-0.05196700905652185
baseline_low_cost_lookback_20,381,0.9498633917615957,-0.05288444613009469
baseline_low_cost_lookback_20,382,0.9479674054563019,-0.05477494758034829
baseline_low_cost_lookback_20,383,0.9490821212125252,-0.05366345655961846
baseline_low_cost_lookback_20,384,0.950657627533945,-0.05209250798408738
baseline_low_cost_lookback_20,385,0.9494350438931788,-0.05331155484084549
baseline_low_cost_lookback_20,386,0.9495728140727135,-0.05317418321348466
baseline_low_cost_lookback_20,387,0.9491442139259236,-0.05360154347279811
baseline_low_cost_lookback_20,388,0.949416684144841,-0.05332986147669083
baseline_low_cost_lookback_20,389,0.949123454659442,-0.05362224268527671
baseline_low_cost_lookback_20,390,0.9493794910288205,-0.05336694699760414
baseline_low_cost_lookback_20,391,0.9490964289600471,-0.053649190202649355
baseline_low_cost_lookback_20,392,0.9480074171656862,-0.05473505161991499
baseline_low_cost_lookback_20,393,0.9476177698145354,-0.055123571769233215
baseline_low_cost_lookback_20,394,0.9464400153557526,-0.056297919129314145
baseline_low_cost_lookback_20,395,0.946154008463277,-0.05658309863904898
baseline_low_cost_lookback_20,396,0.9447571612934218,-0.05797590490195326
baseline_low_cost_lookback_20,397,0.9434390003865085,-0.05929025253159026
baseline_low_cost_lookback_20,398,0.9429119320655355,-0.05981579610877763
baseline_low_cost_lookback_20,399,0.9417571622498556,-0.06096722531749943
baseline_low_cost_lookback_20,400,0.9402778414632621,-0.062442266611118846
baseline_low_cost_lookback_20,401,0.9394772874879789,-0.0632405046822766
baseline_low_cost_lookback_20,402,0.9404547475280278,-0.06226587231382652
baseline_low_cost_lookback_20,403,0.9392528427223703,-0.06346430015680093
baseline_low_cost_lookback_20,404,0.9383763762478647,-0.06433823112166337
baseline_low_cost_lookback_20,405,0.9385693935132646,-0.06414577223145745
baseline_low_cost_lookback_20,406,0.9400452230244873,-0.06267421211337887
baseline_low_cost_lookback_20,407,0.9397870900776599,-0.06293159831335982
baseline_low_cost_lookback_20,408,0.9413587901497568,-0.0613644449761408
baseline_low_cost_lookback_20,409,0.9404604075235781,-0.062260228691946806
baseline_low_cost_lookback_20,410,0.9421975411694937,-0.06052812035987798
baseline_low_cost_lookback_20,411,0.9430236557693528,-0.05970439560788554
baseline_low_cost_lookback_20,412,0.9413056224208536,-0.06141745889734762
baseline_low_cost_lookback_20,413,0.9411404758498285,-0.061582127719667534
baseline_low_cost_lookback_20,414,0.9402108421760638,-0.06250907207762502
baseline_low_cost_lookback_20,415,0.9405986656377586,-0.06212237054147496
baseline_low_cost_lookback_20,416,0.9401044506474874,-0.062615155828603
baseline_low_cost_lookback_20,417,0.940152745232551,-0.06256700095383028
baseline_low_cost_lookback_20,418,0.9409622378070236,-0.06175985014175056
baseline_low_cost_lookback_20,419,0.9410350291817117,-0.061687269343550954
baseline_low_cost_lookback_20,420,0.9416336665212476,-0.06109036378816335
baseline_low_cost_lookback_20,421,0.9415069475889145,-0.06121671613822055
baseline_low_cost_lookback_20,422,0.9418692234870225,-0.06085548825970011
baseline_low_cost_lookback_20,423,0.9430080337821073,-0.05971997240264448
baseline_low_cost_lookback_20,424,0.9428652859208971,-0.05986230731186026
baseline_low_cost_lookback_20,425,0.9443099155290201,-0.0584218568394016
baseline_low_cost_lookback_20,426,0.9448708124571272,-0.05786258251707732
baseline_low_cost_lookback_20,427,0.9443815247217426,-0.05835045480326051
baseline_low_cost_lookback_20,428,0.9451305358610222,-0.057603610461025245
baseline_low_cost_lookback_20,429,0.943130852166279,-0.05959750931694274
baseline_low_cost_lookback_20,430,0.9437599458859639,-0.05897023548796576
baseline_low_cost_lookback_20,431,0.9443602479866796,-0.05837166998734755
baseline_low_cost_lookback_20,432,0.9435576439276334,-0.0591719522116283
baseline_low_cost_lookback_20,433,0.944562338071414,-0.05817016452435686
baseline_low_cost_lookback_20,434,0.9455214815822336,-0.05721379569767138
baseline_low_cost_lookback_20,435,0.9448441869462254,-0.057889131003652894
baseline_low_cost_lookback_20,436,0.9453357976769662,-0.057398942442253076
baseline_low_cost_lookback_20,437,0.9431906177162166,-0.05953791666138575
baseline_low_cost_lookback_20,438,0.9432196084507636,-0.05950900979346596
baseline_low_cost_lookback_20,439,0.9447186501700445,-0.05801430461739021
baseline_low_cost_lookback_20,440,0.944697000283437,-0.0580358918735403
baseline_low_cost_lookback_20,441,0.944105121399582,-0.058626058524627433
baseline_low_cost_lookback_20,442,0.9427989729580213,-0.05992842843949575
baseline_low_cost_lookback_20,443,0.9436897103584349,-0.05904026783275762
baseline_low_cost_lookback_20,444,0.9418298963828561,-0.06089470159539423
baseline_low_cost_lookback_20,445,0.9423543856597267,-0.060371729601452206
baseline_low_cost_lookback_20,446,0.941044477083736,-0.06167784877314442
baseline_low_cost_lookback_20,447,0.9399475797663771,-0.06277157290156044
baseline_low_cost_lookback_20,448,0.9403740483294484,-0.06234633805955625
baseline_low_cost_lookback_20,449,0.93952652169602,-0.06319141290274
baseline_low_cost_lookback_20,450,0.9407016639404355,-0.062019670200211596
baseline_low_cost_lookback_20,451,0.9408409912258466,-0.06188074597149007
baseline_low_cost_lookback_20,452,0.9399576146055417,-0.06276156709195047
baseline_low_cost_lookback_20,453,0.9408507204739728,-0.0618710448688814
baseline_low_cost_lookback_20,454,0.941051662631444,-0.06167068401234155
baseline_low_cost_lookback_20,455,0.9399854624145101,-0.06273379984326621
baseline_low_cost_lookback_20,456,0.9391594474308755,-0.06355742526721164
baseline_low_cost_lookback_20,457,0.9412807503097265,-0.061442259056518345
baseline_low_cost_lookback_20,458,0.9415863521513297,-0.06113754128343207
baseline_low_cost_lookback_20,459,0.9409744335812207,-0.06174768964842725
baseline_low_cost_lookback_20,460,0.9398693535951573,-0.0628495727740942
baseline_low_cost_lookback_20,461,0.9393967495705552,-0.06332080961341713
baseline_low_cost_lookback_20,462,0.9398162617187785,-0.06290251106220879
baseline_low_cost_lookback_20,463,0.9383338417988294,-0.0643806425237724
baseline_low_cost_lookback_20,464,0.9365354560982079,-0.06617382571589125
baseline_low_cost_lookback_20,465,0.93765517702698,-0.06505734400196084
baseline_low_cost_lookback_20,466,0.938217664273928,-0.06449648396139229
baseline_low_cost_lookback_20,467,0.9390843891256273,-0.06363226643802034
baseline_low_cost_lookback_20,468,0.9383984107145359,-0.06431626039799254
baseline_low_cost_lookback_20,469,0.9388007020649071,-0.06391513282698758
baseline_low_cost_lookback_20,470,0.9381323609436141,-0.06458154051967013
baseline_low_cost_lookback_20,471,0.9384350099190548,-0.06427976707046801
baseline_low_cost_lookback_20,472,0.9366496725227639,-0.06605993970539481
baseline_low_cost_lookback_20,473,0.9378274299341178,-0.06488558940128408
baseline_low_cost_lookback_20,474,0.9365675158211798,-0.06614185873775225
baseline_low_cost_lookback_20,475,0.9369343937525234,-0.06577604213911203
baseline_low_cost_lookback_20,476,0.93661140673623,-0.06609809479371764
baseline_low_cost_lookback_20,477,0.9369158513945236,-0.06579453085635212
baseline_low_cost_lookback_20,478,0.9371435310081276,-0.06556750989184945
baseline_low_cost_lookback_20,479,0.935929003213104,-0.06677852420743535
baseline_low_cost_lookback_20,480,0.9368016330763361,-0.06590841875500209
baseline_low_cost_lookback_20,481,0.9363149050564035,-0.06639373873067522
baseline_low_cost_lookback_20,482,0.9353976744258183,-0.06730831592593056
baseline_low_cost_lookback_20,483,0.9365125540626908,-0.06619666149863812
baseline_low_cost_lookback_20,484,0.9379493502443678,-0.06476402179148677
baseline_low_cost_lookback_20,485,0.9371884389976657,-0.06552273181559831
baseline_low_cost_lookback_20,486,0.9370178376474947,-0.0656928396370593
baseline_low_cost_lookback_20,487,0.9372619505625214,-0.06544943291065264
baseline_low_cost_lookback_20,488,0.9368596898634451,-0.06585052991903306
baseline_low_cost_lookback_20,489,0.9361344508690348,-0.06657367088628852
baseline_low_cost_lookback_20,490,0.9377734455886156,-0.06493941757671862
baseline_low_cost_lookback_20,491,0.938114800543993,-0.06459905011921618
baseline_low_cost_lookback_20,492,0.9365601160540789,-0.06614923709823772
baseline_low_cost_lookback_20,493,0.9381901227757201,-0.06452394578543552
baseline_low_cost_lookback_20,494,0.9368602811082858,-0.06584994038459091
baseline_low_cost_lookback_20,495,0.9364773809226594,-0.06623173288710427
baseline_low_cost_lookback_20,496,0.9372391310403325,-0.06547218641877217
baseline_low_cost_lookback_20,497,0.9364878518530065,-0.06622129224786988
baseline_low_cost_lookback_20,498,0.9376664049735073,-0.06504614853650104
baseline_low_cost_lookback_20,499,0.9380598195856392,-0.06465387202442407
baseline_low_cost_lookback_20,500,0.939359219937268,-0.06335823067809399
baseline_low_cost_lookback_20,501,0.9395760058500084,-0.06314207190031906
baseline_low_cost_lookback_20,502,0.938911421084507,-0.06380473410388499
baseline_low_cost_lookback_20,503,0.9392056028690181,-0.0635114033510712
baseline_med_cost_lookback_60,0,1.0,0.0
baseline_med_cost_lookback_60,1,1.0,0.0
baseline_med_cost_lookback_60,2,1.0,0.0
baseline_med_cost_lookback_60,3,1.0,0.0
baseline_med_cost_lookback_60,4,1.0,0.0
baseline_med_cost_lookback_60,5,1.0,0.0
baseline_med_cost_lookback_60,6,1.0,0.0
baseline_med_cost_lookback_60,7,1.0,0.0
baseline_med_cost_lookback_60,8,1.0,0.0
baseline_med_cost_lookback_60,9,1.0,0.0
baseline_med_cost_lookback_60,10,1.0,0.0
baseline_med_cost_lookback_60,11,1.0,0.0
baseline_med_cost_lookback_60,12,1.0,0.0
baseline_med_cost_lookback_60,13,1.0,0.0
baseline_med_cost_lookback_60,14,1.0,0.0
baseline_med_cost_lookback_60,15,1.0,0.0
baseline_med_cost_lookback_60,16,1.0,0.0
baseline_med_cost_lookback_60,17,1.0,0.0
baseline_med_cost_lookback_60,18,1.0,0.0
baseline_med_cost_lookback_60,19,1.0,0.0
baseline_med_cost_lookback_60,20,1.0,0.0
baseline_med_cost_lookback_60,21,1.0,0.0
baseline_med_cost_lookback_60,22,1.0,0.0
baseline_med_cost_lookback_60,23,1.0,0.0
baseline_med_cost_lookback_60,24,1.0,0.0
baseline_med_cost_lookback_60,25,1.0,0.0
baseline_med_cost_lookback_60,26,1.0,0.0
baseline_med_cost_lookback_60,27,1.0,0.0
baseline_med_cost_lookback_60,28,1.0,0.0
baseline_med_cost_lookback_60,29,1.0,0.0
baseline_med_cost_lookback_60,30,1.0,0.0
baseline_med_cost_lookback_60,31,1.0,0.0
baseline_med_cost_lookback_60,32,1.0,0.0
baseline_med_cost_lookback_60,33,1.0,0.0
baseline_med_cost_lookback_60,34,1.0,0.0
baseline_med_cost_lookback_60,35,1.0,0.0
baseline_med_cost_lookback_60,36,1.0,0.0
baseline_med_cost_lookback_60,37,1.0,0.0
baseline_med_cost_lookback_60,38,1.0,0.0
baseline_med_cost_lookback_60,39,1.0,0.0
baseline_med_cost_lookback_60,40,1.0,0.0
baseline_med_cost_lookback_60,41,1.0,0.0
baseline_med_cost_lookback_60,42,1.0,0.0
baseline_med_cost_lookback_60,43,1.0,0.0
baseline_med_cost_lookback_60,44,1.0,0.0
baseline_med_cost_lookback_60,45,1.0,0.0
baseline_med_cost_lookback_60,46,1.0,0.0
baseline_med_cost_lookback_60,47,1.0,0.0
baseline_med_cost_lookback_60,48,1.0,0.0
baseline_med_cost_lookback_60,49,1.0,0.0
baseline_med_cost_lookback_60,50,1.0,0.0
baseline_med_cost_lookback_60,51,1.0,0.0
baseline_med_cost_lookback_60,52,1.0,0.0
baseline_med_cost_lookback_60,53,1.0,0.0
baseline_med_cost_lookback_60,54,1.0,0.0
baseline_med_cost_lookback_60,55,1.0,0.0
baseline_med_cost_lookback_60,56,1.0,0.0
baseline_med_cost_lookback_60,57,1.0,0.0
baseline_med_cost_lookback_60,58,1.0,0.0
baseline_med_cost_lookback_60,59,1.0,0.0
baseline_med_cost_lookback_60,60,1.0,0.0
baseline_med_cost_lookback_60,61,1.0,0.0
baseline_med_cost_lookback_60,62,0.9986650464937726,-0.0013349535062273654
baseline_med_cost_lookback_60,63,0.9991429061097442,-0.000857093890255789
baseline_med_cost_lookback_60,64,0.9986681221006662,-0.0013318778993337554
baseline_med_cost_lookback_60,65,0.9975802740391975,-0.0024197259608025323
baseline_med_cost_lookback_60,66,0.9968417653260575,-0.003158234673942495
baseline_med_cost_lookback_60,67,0.9960427660874442,-0.003957233912555758
baseline_med_cost_lookback_60,68,0.9956159476299502,-0.004384052370049796
baseline_med_cost_lookback_60,69,0.9963236496256476,-0.003676350374352433
baseline_med_cost_lookback_60,70,0.9956167966444992,-0.004383203355500798
baseline_med_cost_lookback_60,71,0.9968806816175857,-0.0031193183824143045
baseline_med_cost_lookback_60,72,0.9962891392595371,-0.0037108607404628957
baseline_med_cost_lookback_60,73,0.9960418413317116,-0.003958158668288414
baseline_med_cost_lookback_60,74,0.9961253459372984,-0.003874654062701599
baseline_med_cost_lookback_60,75,0.9955515717244801,-0.0044484282755199445
baseline_med_cost_lookback_60,76,0.9961815271952277,-0.0038184728047723215
baseline_med_cost_lookback_60,77,0.9960563674847887,-0.003943632515211348
baseline_med_cost_lookback_60,78,0.9950479375562586,-0.004952062443741356
baseline_med_cost_lookback_60,79,0.996180450199843,-0.003819549800156974
baseline_med_cost_lookback_60,80,0.9965320341226591,-0.003467965877340884
baseline_med_cost_lookback_60,81,0.9952794888227391,-0.004720511177260911
baseline_med_cost_lookback_60,82,0.9966187018578704,-0.0033812981421296184
baseline_med_cost_lookback_60,83,0.996308291121159,-0.0036917088788409602
baseline_med_cost_lookback_60,84,0.9959861599776267,-0.004013840022373261
baseline_med_cost_lookback_60,85,0.9954303492529482,-0.0045696507470518455
baseline_med_cost_lookback_60,86,0.9957626579840501,-0.004237342015949941
baseline_med_cost_lookback_60,87,0.9944699857274188,-0.005530014272581152
baseline_med_cost_lookback_60,88,0.9933726257704812,-0.0066273742295187565
baseline_med_cost_lookback_60,89,0.9932350154804949,-0.006764984519505135
baseline_med_cost_lookback_60,90,0.992156873780542,-0.007843126219458041
baseline_med_cost_lookback_60,91,0.9933291175365299,-0.00667088246347014
baseline_med_cost_lookback_60,92,0.9935847802505036,-0.006415219749496437
baseline_med_cost_lookback_60,93,0.99415438362024,-0.005845616379759999
baseline_med_cost_lookback_60,94,0.9928337369380105,-0.007166263061989531
baseline_med_cost_lookback_60,95,0.9932262817581433,-0.0067737182418566855
baseline_med_cost_lookback_60,96,0.9912001868723254,-0.008799813127674638
baseline_med_cost_lookback_60,97,0.9927977602940714,-0.0072022397059285925
baseline_med_cost_lookback_60,98,0.9917991153010197,-0.008200884698980282
baseline_med_cost_lookback_60,99,0.9915099683443328,-0.008490031655667196
baseline_med_cost_lookback_60,100,0.988776540639112,-0.011223459360887977
baseline_med_cost_lookback_60,101,0.9867995412017668,-0.013200458798233172
baseline_med_cost_lookback_60,102,0.9871143823651726,-0.012885617634827429
baseline_med_cost_lookback_60,103,0.9867494872241406,-0.013250512775859424
baseline_med_cost_lookback_60,104,0.9887474123812039,-0.011252587618796106
baseline_med_cost_lookback_60,105,0.9901125396456494,-0.009887460354350619
baseline_med_cost_lookback_60,106,0.9908737858739163,-0.00912621412608372
baseline_med_cost_lookback_60,107,0.9908923107357079,-0.009107689264292063
baseline_med_cost_lookback_60,108,0.9886801193091197,-0.011319880690880302
baseline_med_cost_lookback_60,109,0.9871859363613743,-0.012814063638625695
baseline_med_cost_lookback_60,110,0.9869728868630959,-0.013027113136904078
baseline_med_cost_lookback_60,111,0.9876725123991554,-0.012327487600844567
baseline_med_cost_lookback_60,112,0.9887813269131727,-0.011218673086827335
baseline_med_cost_lookback_60,113,0.9877922602661628,-0.012207739733837153
baseline_med_cost_lookback_60,114,0.9888710472348617,-0.011128952765138256
baseline_med_cost_lookback_60,115,0.9895639913807194,-0.010436008619280623
baseline_med_cost_lookback_60,116,0.9879612717858666,-0.012038728214133432
baseline_med_cost_lookback_60,117,0.988644885236903,-0.01135511476309703
baseline_med_cost_lookback_60,118,0.9866567283661005,-0.013343271633899478
baseline_med_cost_lookback_60,119,0.9871867477949368,-0.012813252205063241
baseline_med_cost_lookback_60,120,0.988754450512503,-0.011245549487497009
baseline_med_cost_lookback_60,121,0.9874612728438067,-0.012538727156193308
baseline_med_cost_lookback_60,122,0.9858033952346303,-0.014196604765369658
baseline_med_cost_lookback_60,123,0.9842845160121335,-0.015715483987866485
baseline_med_cost_lookback_60,124,0.9830492357953671,-0.01695076420463293
baseline_med_cost_lookback_60,125,0.9833321922940329,-0.016667807705967097
baseline_med_cost_lookback_60,126,0.9839968871327678,-0.016003112867232216
baseline_med_cost_lookback_60,127,0.9845022698348089,-0.01549773016519107
baseline_med_cost_lookback_60,128,0.9843646248503648,-0.0156353751496352
baseline_med_cost_lookback_60,129,0.9846621216818161,-0.015337878318183895
baseline_med_cost_lookback_60,130,0.9848052127917609,-0.01519478720823908
baseline_med_cost_lookback_60,131,0.9824172146036088,-0.017582785396391243
baseline_med_cost_lookback_60,132,0.9822129223637781,-0.017787077636221893
baseline_med_cost_lookback_60,133,0.9815330318155803,-0.01846696818441973
baseline_med_cost_lookback_60,134,0.9817330832415514,-0.018266916758448604
baseline_med_cost_lookback_60,135,0.9818333777300683,-0.01816662226993171
baseline_med_cost_lookback_60,136,0.9826025040395908,-0.01739749596040918
baseline_med_cost_lookback_60,137,0.9808574455988688,-0.019142554401131218
baseline_med_cost_lookback_60,138,0.9787385859973294,-0.021261414002670564
baseline_med_cost_lookback_60,139,0.9779480896220175,-0.022051910377982487
baseline_med_cost_lookback_60,140,0.9787075852019531,-0.021292414798046888
baseline_med_cost_lookback_60,141,0.9784064744174825,-0.02159352558251748
baseline_med_cost_lookback_60,142,0.9790529953741014,-0.020947004625898602
baseline_med_cost_lookback_60,143,0.9799413284759795,-0.02005867152402052
baseline_med_cost_lookback_60,144,0.9805308770359612,-0.0194691229640388
baseline_med_cost_lookback_60,145,0.9819915974281249,-0.018008402571875082
baseline_med_cost_lookback_60,146,0.9811773587979497,-0.01882264120205035
baseline_med_cost_lookback_60,147,0.983108193625308,-0.01689180637469201
baseline_med_cost_lookback_60,148,0.9813750959510984,-0.018624904048901603
baseline_med_cost_lookback_60,149,0.9795751481058216,-0.02042485189417842
baseline_med_cost_lookback_60,150,0.9782555121500192,-0.021744487849980842
baseline_med_cost_lookback_60,151,0.9778969062209857,-0.022103093779014316
baseline_med_cost_lookback_60,152,0.9767955571859377,-0.02320444281406231
baseline_med_cost_lookback_60,153,0.977254841804452,-0.02274515819554801
baseline_med_cost_lookback_60,154,0.9777733297453812,-0.022226670254618774
baseline_med_cost_lookback_60,155,0.9784117385687445,-0.021588261431255473
baseline_med_cost_lookback_60,156,0.9785387397893335,-0.021461260210666522
baseline_med_cost_lookback_60,157,0.9785558861047671,-0.02144411389523293
baseline_med_cost_lookback_60,158,0.9774623089811738,-0.02253769101882619
baseline_med_cost_lookback_60,159,0.9785278625315985,-0.021472137468401487
baseline_med_cost_lookback_60,160,0.9780945402407031,-0.02190545975929692
baseline_med_cost_lookback_60,161,0.9785957993411898,-0.021404200658810213
baseline_med_cost_lookback_60,162,0.9798373032647797,-0.02016269673522031
baseline_med_cost_lookback_60,163,0.978280686757341,-0.021719313242658966
baseline_med_cost_lookback_60,164,0.9787043351355511,-0.021295664864448893
baseline_med_cost_lookback_60,165,0.9792645783605379,-0.02073542163946207
baseline_med_cost_lookback_60,166,0.9776018671311654,-0.02239813286883463
baseline_med_cost_lookback_60,167,0.9779797131746897,-0.02202028682531032
baseline_med_cost_lookback_60,168,0.9786133984715117,-0.021386601528488258
baseline_med_cost_lookback_60,169,0.9785540800592543,-0.02144591994074574
baseline_med_cost_lookback_60,170,0.9798238136828332,-0.020176186317166778
baseline_med_cost_lookback_60,171,0.9814050788882672,-0.018594921111732776
baseline_med_cost_lookback_60,172,0.9815961650147477,-0.018403834985252332
baseline_med_cost_lookback_60,173,0.9818753253402924,-0.018124674659707574
baseline_med_cost_lookback_60,174,0.9823651946067996,-0.017634805393200392
baseline_med_cost_lookback_60,175,0.9809588158683471,-0.0190411841316529
baseline_med_cost_lookback_60,176,0.9817875370780778,-0.018212462921922246
baseline_med_cost_lookback_60,177,0.9818668273503485,-0.01813317264965153
baseline_med_cost_lookback_60,178,0.9823756297975113,-0.01762437020248875
baseline_med_cost_lookback_60,179,0.9822310876268852,-0.017768912373114842
baseline_med_cost_lookback_60,180,0.9818234520037954,-0.018176547996204606
baseline_med_cost_lookback_60,181,0.9831346316946689,-0.01686536830533114
baseline_med_cost_lookback_60,182,0.9814197979467987,-0.018580202053201322
baseline_med_cost_lookback_60,183,0.9812295115989036,-0.018770488401096408
baseline_med_cost_lookback_60,184,0.9801888711564978,-0.019811128843502224
baseline_med_cost_lookback_60,185,0.9830425072360488,-0.0169574927639512
baseline_med_cost_lookback_60,186,0.9828093522671557,-0.01719064773284429
baseline_med_cost_lookback_60,187,0.9823878562731866,-0.017612143726813412
baseline_med_cost_lookback_60,188,0.9814754247626657,-0.018524575237334306
baseline_med_cost_lookback_60,189,0.9821067749195677,-0.01789322508043234
baseline_med_cost_lookback_60,190,0.9814871588279608,-0.01851284117203922
baseline_med_cost_lookback_60,191,0.9805970989205887,-0.01940290107941134
baseline_med_cost_lookback_60,192,0.9798045693337166,-0.020195430666283376
baseline_med_cost_lookback_60,193,0.9786593068594305,-0.021340693140569522
baseline_med_cost_lookback_60,194,0.9775346009864258,-0.02246539901357425
baseline_med_cost_lookback_60,195,0.9780283597809237,-0.02197164021907627
baseline_med_cost_lookback_60,196,0.9776647739794364,-0.022335226020563592
baseline_med_cost_lookback_60,197,0.9770681340137625,-0.022931865986237532
baseline_med_cost_lookback_60,198,0.9770636920766584,-0.02293630792334156
baseline_med_cost_lookback_60,199,0.9759201087146502,-0.02407989128534982
baseline_med_cost_lookback_60,200,0.9757895888299252,-0.02421041117007483
baseline_med_cost_lookback_60,201,0.9755825737017496,-0.02441742629825039
baseline_med_cost_lookback_60,202,0.9752889333461693,-0.024711066653830716
baseline_med_cost_lookback_60,203,0.9772340035488889,-0.022765996451111103
baseline_med_cost_lookback_60,204,0.9780997341596491,-0.021900265840350874
baseline_med_cost_lookback_60,205,0.9779991147258885,-0.02200088527411148
baseline_med_cost_lookback_60,206,0.9779143349959869,-0.0220856650040131
baseline_med_cost_lookback_60,207,0.976091444941044,-0.02390855505895595
baseline_med_cost_lookback_60,208,0.9772267182396969,-0.022773281760303132
baseline_med_cost_lookback_60,209,0.9775650298111526,-0.022434970188847436
baseline_med_cost_lookback_60,210,0.9776106233398173,-0.022389376660182703
baseline_med_cost_lookback_60,211,0.9790383717347978,-0.020961628265202203
baseline_med_cost_lookback_60,212,0.9795030243719139,-0.020496975628086056
baseline_med_cost_lookback_60,213,0.9808979728193958,-0.019102027180604164
baseline_med_cost_lookback_60,214,0.979492043362496,-0.020507956637504043
baseline_med_cost_lookback_60,215,0.9796258758912477,-0.02037412410875228
baseline_med_cost_lookback_60,216,0.9777211757797805,-0.02227882422021954
baseline_med_cost_lookback_60,217,0.9773166485959018,-0.022683351404098162
baseline_med_cost_lookback_60,218,0.9751656103453817,-0.02483438965461826
baseline_med_cost_lookback_60,219,0.9741592236486837,-0.02584077635131632
baseline_med_cost_lookback_60,220,0.9747484111866569,-0.025251588813343107
baseline_med_cost_lookback_60,221,0.973527449187355,-0.02647255081264499
baseline_med_cost_lookback_60,222,0.9740923504520981,-0.025907649547901923
baseline_med_cost_lookback_60,223,0.9739541557188521,-0.026045844281147867
baseline_med_cost_lookback_60,224,0.9727534513806916,-0.02724654861930842
baseline_med_cost_lookback_60,225,0.9722634401084457,-0.027736559891554324
baseline_med_cost_lookback_60,226,0.9728029389896661,-0.027197061010333923
baseline_med_cost_lookback_60,227,0.9742177904238752,-0.02578220957612476
baseline_med_cost_lookback_60,228,0.9723174840106535,-0.027682515989346457
baseline_med_cost_lookback_60,229,0.9713833595275289,-0.028616640472471144
baseline_med_cost_lookback_60,230,0.9729633613225133,-0.027036638677486735
baseline_med_cost_lookback_60,231,0.9729490502542085,-0.027050949745791475
baseline_med_cost_lookback_60,232,0.9719815687064637,-0.028018431293536317
baseline_med_cost_lookback_60,233,0.9735166547263588,-0.026483345273641157
baseline_med_cost_lookback_60,234,0.9730308001394818,-0.026969199860518156
baseline_med_cost_lookback_60,235,0.9719051383918078,-0.02809486160819219
baseline_med_cost_lookback_60,236,0.9726459520551882,-0.027354047944811777
baseline_med_cost_lookback_60,237,0.9728157547524819,-0.027184245247518057
baseline_med_cost_lookback_60,238,0.9728924769275881,-0.027107523072411932
baseline_med_cost_lookback_60,239,0.9735829395408614,-0.026417060459138608
baseline_med_cost_lookback_60,240,0.9725102133550282,-0.027489786644971814
baseline_med_cost_lookback_60,241,0.9711413255515081,-0.028858674448491883
baseline_med_cost_lookback_60,242,0.9722784160961503,-0.02772158390384971
baseline_med_cost_lookback_60,243,0.9728832419658304,-0.027116758034169575
baseline_med_cost_lookback_60,244,0.9725796078579063,-0.027420392142093686
baseline_med_cost_lookback_60,245,0.972128497656335,-0.027871502343664978
baseline_med_cost_lookback_60,246,0.9735570151247764,-0.026442984875223563
baseline_med_cost_lookback_60,247,0.9730132792840119,-0.026986720715988066
baseline_med_cost_lookback_60,248,0.9723320489537932,-0.027667951046206785
baseline_med_cost_lookback_60,249,0.9729503439759924,-0.02704965602400755
baseline_med_cost_lookback_60,250,0.9730126163960131,-0.026987383603986892
baseline_med_cost_lookback_60,251,0.9741665773561214,-0.025833422643878556
baseline_med_cost_lookback_60,252,0.9738852668004656,-0.02611473319953439
baseline_med_cost_lookback_60,253,0.974882571657874,-0.025117428342126047
baseline_med_cost_lookback_60,254,0.9750975983101527,-0.024902401689847253
baseline_med_cost_lookback_60,255,0.9739844769205013,-0.026015523079498726
baseline_med_cost_lookback_60,256,0.9734803352389334,-0.026519664761066597
baseline_med_cost_lookback_60,257,0.9742252352947586,-0.025774764705241426
baseline_med_cost_lookback_60,258,0.9735998360869993,-0.026400163913000707
baseline_med_cost_lookback_60,259,0.9761436919573947,-0.0238563080426053
baseline_med_cost_lookback_60,260,0.9746604800107308,-0.0253395199892692
baseline_med_cost_lookback_60,261,0.974699225215115,-0.025300774784885016
baseline_med_cost_lookback_60,262,0.9744866736986231,-0.025513326301376926
baseline_med_cost_lookback_60,263,0.9733940938001457,-0.026605906199854257
baseline_med_cost_lookback_60,264,0.9730036480010497,-0.02699635199895034
baseline_med_cost_lookback_60,265,0.9737806362915994,-0.02621936370840061
baseline_med_cost_lookback_60,266,0.9742771410212722,-0.025722858978727836
baseline_med_cost_lookback_60,267,0.9733672098537841,-0.02663279014621589
baseline_med_cost_lookback_60,268,0.9701196095339724,-0.02988039046602764
baseline_med_cost_lookback_60,269,0.9699731076090313,-0.030026892390968674
baseline_med_cost_lookback_60,270,0.9698813146411782,-0.030118685358821784
baseline_med_cost_lookback_60,271,0.969630393445219,-0.030369606554781048
baseline_med_cost_lookback_60,272,0.969935530567337,-0.030064469432663055
baseline_med_cost_lookback_60,273,0.9690589224558315,-0.030941077544168527
baseline_med_cost_lookback_60,274,0.9711271233630068,-0.028872876636993228
baseline_med_cost_lookback_60,275,0.9703514410445624,-0.02964855895543761
baseline_med_cost_lookback_60,276,0.9717441555860463,-0.02825584441395368
baseline_med_cost_lookback_60,277,0.970192974306913,-0.02980702569308702
baseline_med_cost_lookback_60,278,0.9688306942742312,-0.031169305725768814
baseline_med_cost_lookback_60,279,0.9678440943021525,-0.03215590569784754
baseline_med_cost_lookback_60,280,0.9684112036435952,-0.03158879635640477
baseline_med_cost_lookback_60,281,0.9698103679043064,-0.030189632095693586
baseline_med_cost_lookback_60,282,0.969781349951412,-0.030218650048588036
baseline_med_cost_lookback_60,283,0.9699448768157403,-0.030055123184259736
baseline_med_cost_lookback_60,284,0.9697553011690574,-0.030244698830942607
baseline_med_cost_lookback_60,285,0.9696854917228555,-0.030314508277144547
baseline_med_cost_lookback_60,286,0.9673233971334095,-0.032676602866590465
baseline_med_cost_lookback_60,287,0.9687562222924967,-0.031243777707503306
baseline_med_cost_lookback_60,288,0.9703320456337832,-0.02966795436621683
baseline_med_cost_lookback_60,289,0.9697332687428113,-0.030266731257188706
baseline_med_cost_lookback_60,290,0.9713311692812008,-0.02866883071879922
baseline_med_cost_lookback_60,291,0.9715341833030056,-0.02846581669699444
baseline_med_cost_lookback_60,292,0.9695051236043455,-0.030494876395654513
baseline_med_cost_lookback_60,293,0.9701620911877784,-0.029837908812221592
baseline_med_cost_lookback_60,294,0.9703425269599194,-0.029657473040080595
baseline_med_cost_lookback_60,295,0.9715794586283218,-0.028420541371678154
baseline_med_cost_lookback_60,296,0.9728852996137236,-0.02711470038627639
baseline_med_cost_lookback_60,297,0.9727139140264472,-0.027286085973552754
baseline_med_cost_lookback_60,298,0.9743369338804899,-0.02566306611951008
baseline_med_cost_lookback_60,299,0.9744904834851986,-0.025509516514801378
baseline_med_cost_lookback_60,300,0.9744504085289347,-0.02554959147106528
baseline_med_cost_lookback_60,301,0.9742748427166942,-0.025725157283305822
baseline_med_cost_lookback_60,302,0.9757556797584374,-0.024244320241562645
baseline_med_cost_lookback_60,303,0.9747569049098335,-0.025243095090166534
baseline_med_cost_lookback_60,304,0.9752140533257214,-0.02478594667427858
baseline_med_cost_lookback_60,305,0.9740769242637618,-0.0259230757362382
baseline_med_cost_lookback_60,306,0.9760855152208551,-0.02391448477914493
baseline_med_cost_lookback_60,307,0.9782521554837795,-0.02174784451622047
baseline_med_cost_lookback_60,308,0.978703391757122,-0.021296608242878046
baseline_med_cost_lookback_60,309,0.9783533868920973,-0.021646613107902724
baseline_med_cost_lookback_60,310,0.9784617794318616,-0.021538220568138366
baseline_med_cost_lookback_60,311,0.9768610535427537,-0.023138946457246345
baseline_med_cost_lookback_60,312,0.9757448584733702,-0.024255141526629775
baseline_med_cost_lookback_60,313,0.9744380856062873,-0.025561914393712692
baseline_med_cost_lookback_60,314,0.9746740283645922,-0.02532597163540784
baseline_med_cost_lookback_60,315,0.9734368793371381,-0.026563120662861928
baseline_med_cost_lookback_60,316,0.9747542005495449,-0.02524579945045513
baseline_med_cost_lookback_60,317,0.974581763828365,-0.025418236171634967
baseline_med_cost_lookback_60,318,0.9735815506283207,-0.026418449371679253
baseline_med_cost_lookback_60,319,0.9739078685408891,-0.026092131459110934
baseline_med_cost_lookback_60,320,0.9738941996396567,-0.026105800360343268
baseline_med_cost_lookback_60,321,0.9742884920516626,-0.02571150794833743
baseline_med_cost_lookback_60,322,0.9739662677218017,-0.026033732278198274
baseline_med_cost_lookback_60,323,0.9737410127770793,-0.02625898722292075
baseline_med_cost_lookback_60,324,0.9723917755349765,-0.027608224465023534
baseline_med_cost_lookback_60,325,0.9724430111983305,-0.027556988801669458
baseline_med_cost_lookback_60,326,0.972873106763494,-0.027126893236505967
baseline_med_cost_lookback_60,327,0.9737939334746221,-0.026206066525377936
baseline_med_cost_lookback_60,328,0.9719139111557042,-0.028086088844295753
baseline_med_cost_lookback_60,329,0.9701487267180586,-0.02985127328194137
baseline_med_cost_lookback_60,330,0.9693926917745596,-0.030607308225440444
baseline_med_cost_lookback_60,331,0.969346704021427,-0.030653295978573025
baseline_med_cost_lookback_60,332,0.9698695042863072,-0.03013049571369275
baseline_med_cost_lookback_60,333,0.9678080169576698,-0.032191983042330174
baseline_med_cost_lookback_60,334,0.9663053809988188,-0.0336946190011812
baseline_med_cost_lookback_60,335,0.9636152650460535,-0.03638473495394645
baseline_med_cost_lookback_60,336,0.9651968729903072,-0.03480312700969279
baseline_med_cost_lookback_60,337,0.965733826781082,-0.034266173218918006
baseline_med_cost_lookback_60,338,0.9650767917284034,-0.03492320827159656
baseline_med_cost_lookback_60,339,0.9636896341917455,-0.03631036580825453
baseline_med_cost_lookback_60,340,0.9638591287451808,-0.03614087125481924
baseline_med_cost_lookback_60,341,0.9634558597941818,-0.0365441402058182
baseline_med_cost_lookback_60,342,0.9632177095282557,-0.036782290471744306
baseline_med_cost_lookback_60,343,0.9613132868385619,-0.038686713161438124
baseline_med_cost_lookback_60,344,0.961623182970611,-0.038376817029389
baseline_med_cost_lookback_60,345,0.9609015376291133,-0.039098462370886655
baseline_med_cost_lookback_60,346,0.9607979200957922,-0.039202079904207765
baseline_med_cost_lookback_60,347,0.9619840761259107,-0.03801592387408925
baseline_med_cost_lookback_60,348,0.9618367440782196,-0.03816325592178038
baseline_med_cost_lookback_60,349,0.9624902369778571,-0.03750976302214293
baseline_med_cost_lookback_60,350,0.9588263606985291,-0.04117363930147089
baseline_med_cost_lookback_60,351,0.9587891444871923,-0.041210855512807676
baseline_med_cost_lookback_60,352,0.955366837139905,-0.044633162860095
baseline_med_cost_lookback_60,353,0.9549564214139968,-0.04504357858600316
baseline_med_cost_lookback_60,354,0.9567280187230125,-0.0432719812769875
baseline_med_cost_lookback_60,355,0.9574743285137605,-0.042525671486239536
baseline_med_cost_lookback_60,356,0.9564422902498373,-0.04355770975016271
baseline_med_cost_lookback_60,357,0.9566036193530495,-0.043396380646950505
baseline_med_cost_lookback_60,358,0.9571202027732958,-0.04287979722670421
baseline_med_cost_lookback_60,359,0.9560248012903164,-0.04397519870968358
baseline_med_cost_lookback_60,360,0.9562022832421324,-0.04379771675786759
baseline_med_cost_lookback_60,361,0.9530572849008657,-0.04694271509913428
baseline_med_cost_lookback_60,362,0.9520475677569035,-0.04795243224309653
baseline_med_cost_lookback_60,363,0.9533031728645517,-0.046696827135448316
baseline_med_cost_lookback_60,364,0.9498961282148342,-0.05010387178516584
baseline_med_cost_lookback_60,365,0.9498837729267767,-0.050116227073223274
baseline_med_cost_lookback_60,366,0.9500475209699566,-0.049952479030043406
baseline_med_cost_lookback_60,367,0.9495367393968106,-0.0504632606031894
baseline_med_cost_lookback_60,368,0.9489771362109282,-0.05102286378907184
baseline_med_cost_lookback_60,369,0.9489904893236093,-0.0510095106763907
baseline_med_cost_lookback_60,370,0.9477320306981885,-0.052267969301811545
baseline_med_cost_lookback_60,371,0.9457830840344396,-0.05421691596556044
baseline_med_cost_lookback_60,372,0.9442481125908901,-0.05575188740910986
baseline_med_cost_lookback_60,373,0.9431676494781046,-0.05683235052189539
baseline_med_cost_lookback_60,374,0.943259689547377,-0.056740310452622955
baseline_med_cost_lookback_60,375,0.9453291389518361,-0.05467086104816388
baseline_med_cost_lookback_60,376,0.9458990919750396,-0.05410090802496037
baseline_med_cost_lookback_60,377,0.9453693122935649,-0.05463068770643509
baseline_med_cost_lookback_60,378,0.9457379414551168,-0.054262058544883196
baseline_med_cost_lookback_60,379,0.9448100973637307,-0.05518990263626933
baseline_med_cost_lookback_60,380,0.9443280547551982,-0.05567194524480179
baseline_med_cost_lookback_60,381,0.9419549130658488,-0.058045086934151224
baseline_med_cost_lookback_60,382,0.9413399460447176,-0.0586600539552824
baseline_med_cost_lookback_60,383,0.9394817060524587,-0.06051829394754127
baseline_med_cost_lookback_60,384,0.9397384887233503,-0.06026151127664969
baseline_med_cost_lookback_60,385,0.9394366458154401,-0.06056335418455994
baseline_med_cost_lookback_60,386,0.9381647566302095,-0.061835243369790516
baseline_med_cost_lookback_60,387,0.9388979340961211,-0.0611020659038789
baseline_med_cost_lookback_60,388,0.9394652861885697,-0.060534713811430274
baseline_med_cost_lookback_60,389,0.9390620633667324,-0.06093793663326763
baseline_med_cost_lookback_60,390,0.9387336609586501,-0.061266339041349926
baseline_med_cost_lookback_60,391,0.9392848980687365,-0.060715101931263504
baseline_med_cost_lookback_60,392,0.9382423704434771,-0.061757629556522864
baseline_med_cost_lookback_60,393,0.9382161218713535,-0.0617838781286465
baseline_med_cost_lookback_60,394,0.937125351188497,-0.06287464881150295
baseline_med_cost_lookback_60,395,0.9377755789971578,-0.0622244210028422
baseline_med_cost_lookback_60,396,0.9372406084766365,-0.06275939152336352
baseline_med_cost_lookback_60,397,0.9366778476311514,-0.06332215236884864
baseline_med_cost_lookback_60,398,0.9359635782587676,-0.06403642174123236
baseline_med_cost_lookback_60,399,0.9353971881189531,-0.06460281188104688
baseline_med_cost_lookback_60,400,0.9361363571063741,-0.0638636428936259
baseline_med_cost_lookback_60,401,0.9349398087013682,-0.06506019129863183
baseline_med_cost_lookback_60,402,0.9363978868874505,-0.06360211311254949
baseline_med_cost_lookback_60,403,0.9357008068861594,-0.06429919311384058
baseline_med_cost_lookback_60,404,0.932622609580688,-0.06737739041931201
baseline_med_cost_lookback_60,405,0.9319740867181013,-0.06802591328189866
baseline_med_cost_lookback_60,406,0.934714942584177,-0.06528505741582302
baseline_med_cost_lookback_60,407,0.9344126668574071,-0.06558733314259291
baseline_med_cost_lookback_60,408,0.9348384681064664,-0.06516153189353358
baseline_med_cost_lookback_60,409,0.9346656001003454,-0.06533439989965462
baseline_med_cost_lookback_60,410,0.9337037921705359,-0.0662962078294641
baseline_med_cost_lookback_60,411,0.9351616014786128,-0.06483839852138717
baseline_med_cost_lookback_60,412,0.935010825215794,-0.06498917478420596
baseline_med_cost_lookback_60,413,0.935122420252288,-0.06487757974771202
baseline_med_cost_lookback_60,414,0.9350507208808198,-0.06494927911918025
baseline_med_cost_lookback_60,415,0.9357948038568715,-0.06420519614312847
baseline_med_cost_lookback_60,416,0.9342377591551639,-0.06576224084483606
baseline_med_cost_lookback_60,417,0.9360041616835093,-0.0639958383164907
baseline_med_cost_lookback_60,418,0.9362694810511828,-0.0637305189488172
baseline_med_cost_lookback_60,419,0.9366441740362004,-0.06335582596379963
baseline_med_cost_lookback_60,420,0.9379763692252313,-0.06202363077476869
baseline_med_cost_lookback_60,421,0.9372767096407808,-0.0627232903592192
baseline_med_cost_lookback_60,422,0.9357353016921705,-0.06426469830782955
baseline_med_cost_lookback_60,423,0.9356208780978174,-0.06437912190218265
baseline_med_cost_lookback_60,424,0.9370270878916094,-0.06297291210839062
baseline_med_cost_lookback_60,425,0.9365521967674162,-0.06344780323258381
baseline_med_cost_lookback_60,426,0.9371106813546404,-0.06288931864535963
baseline_med_cost_lookback_60,427,0.9360993291522693,-0.06390067084773066
baseline_med_cost_lookback_60,428,0.9371338801879096,-0.06286611981209045
baseline_med_cost_lookback_60,429,0.9362669547480477,-0.06373304525195234
baseline_med_cost_lookback_60,430,0.9377231933535995,-0.06227680664640045
baseline_med_cost_lookback_60,431,0.9375657945886962,-0.062434205411303845
baseline_med_cost_lookback_60,432,0.936022328236667,-0.06397767176333302
baseline_med_cost_lookback_60,433,0.9356003431484807,-0.06439965685151927
baseline_med_cost_lookback_60,434,0.9384084542024412,-0.06159154579755877
baseline_med_cost_lookback_60,435,0.9362158788475564,-0.06378412115244358
baseline_med_cost_lookback_60,436,0.9375094533165511,-0.06249054668344889
baseline_med_cost_lookback_60,437,0.9376058345931597,-0.062394165406840285
baseline_med_cost_lookback_60,438,0.9374080543000656,-0.06259194569993443
baseline_med_cost_lookback_60,439,0.9394158624299666,-0.06058413757003345
baseline_med_cost_lookback_60,440,0.9386488075728016,-0.06135119242719844
baseline_med_cost_lookback_60,441,0.9377909629062552,-0.06220903709374481
baseline_med_cost_lookback_60,442,0.9357645781250848,-0.06423542187491516
baseline_med_cost_lookback_60,443,0.9348193872736034,-0.06518061272639664
baseline_med_cost_lookback_60,444,0.9369731273535477,-0.06302687264645235
baseline_med_cost_lookback_60,445,0.9379944189746386,-0.062005581025361356
baseline_med_cost_lookback_60,446,0.9381392610219443,-0.06186073897805566
baseline_med_cost_lookback_60,447,0.9371373105200217,-0.0628626894799783
baseline_med_cost_lookback_60,448,0.9361989215579201,-0.06380107844207994
baseline_med_cost_lookback_60,449,0.9359609103156423,-0.06403908968435768
baseline_med_cost_lookback_60,450,0.9377440580987754,-0.06225594190122463
baseline_med_cost_lookback_60,451,0.9353289317081701,-0.06467106829182989
baseline_med_cost_lookback_60,452,0.9353917164082757,-0.06460828359172432
baseline_med_cost_lookback_60,453,0.9336794350618783,-0.06632056493812166
baseline_med_cost_lookback_60,454,0.9347295756362614,-0.06527042436373864
baseline_med_cost_lookback_60,455,0.9339157009144532,-0.0660842990855468
baseline_med_cost_lookback_60,456,0.9322204308807929,-0.06777956911920713
baseline_med_cost_lookback_60,457,0.9335913289810879,-0.06640867101891212
baseline_med_cost_lookback_60,458,0.9334105794701971,-0.06658942052980288
baseline_med_cost_lookback_60,459,0.9324859220569626,-0.06751407794303743
baseline_med_cost_lookback_60,460,0.9317488409995889,-0.06825115900041112
baseline_med_cost_lookback_60,461,0.9316734064240445,-0.0683265935759555
baseline_med_cost_lookback_60,462,0.9293778102899753,-0.07062218971002465
baseline_med_cost_lookback_60,463,0.9295365589937511,-0.0704634410062489
baseline_med_cost_lookback_60,464,0.9289685221987182,-0.07103147780128183
baseline_med_cost_lookback_60,465,0.9296129514340904,-0.0703870485659096
baseline_med_cost_lookback_60,466,0.9284457535674913,-0.07155424643250874
baseline_med_cost_lookback_60,467,0.9282701042103099,-0.07172989578969013
baseline_med_cost_lookback_60,468,0.9286152878342376,-0.07138471216576237
baseline_med_cost_lookback_60,469,0.9284583887979899,-0.07154161120201008
baseline_med_cost_lookback_60,470,0.926506046331782,-0.07349395366821798
baseline_med_cost_lookback_60,471,0.9274599694026708,-0.07254003059732916
baseline_med_cost_lookback_60,472,0.9267272238618843,-0.07327277613811567
baseline_med_cost_lookback_60,473,0.9277480604231582,-0.07225193957684184
baseline_med_cost_lookback_60,474,0.9265452501568147,-0.07345474984318534
baseline_med_cost_lookback_60,475,0.9270389519413212,-0.07296104805867876
baseline_med_cost_lookback_60,476,0.9265744812567737,-0.07342551874322634
baseline_med_cost_lookback_60,477,0.9281487071793987,-0.07185129282060132
baseline_med_cost_lookback_60,478,0.9286699689317389,-0.07133003106826108
baseline_med_cost_lookback_60,479,0.9287838955374599,-0.07121610446254012
baseline_med_cost_lookback_60,480,0.9293037222323343,-0.07069627776766574
baseline_med_cost_lookback_60,481,0.9297132704849239,-0.07028672951507609
baseline_med_cost_lookback_60,482,0.9300370961221885,-0.06996290387781146
baseline_med_cost_lookback_60,483,0.9297534688350647,-0.07024653116493529
baseline_med_cost_lookback_60,484,0.9297768441885578,-0.07022315581144223
baseline_med_cost_lookback_60,485,0.9326954331720577,-0.06730456682794228
baseline_med_cost_lookback_60,486,0.9322307253501243,-0.0677692746498757
baseline_med_cost_lookback_60,487,0.9334834476427213,-0.06651655235727871
baseline_med_cost_lookback_60,488,0.9330661903411235,-0.06693380965887652
baseline_med_cost_lookback_60,489,0.9328674589118532,-0.06713254108814681
baseline_med_cost_lookback_60,490,0.9333782941832289,-0.06662170581677107
baseline_med_cost_lookback_60,491,0.9324454631603757,-0.06755453683962431
baseline_med_cost_lookback_60,492,0.9302781924430252,-0.06972180755697477
baseline_med_cost_lookback_60,493,0.9310677737128885,-0.06893222628711149
baseline_med_cost_lookback_60,494,0.9306509365282546,-0.06934906347174541
baseline_med_cost_lookback_60,495,0.9294315157924461,-0.0705684842075539
baseline_med_cost_lookback_60,496,0.9308147299679485,-0.06918527003205155
baseline_med_cost_lookback_60,497,0.9306037190830667,-0.06939628091693328
baseline_med_cost_lookback_60,498,0.9310143172263793,-0.06898568277362072
baseline_med_cost_lookback_60,499,0.9312246398757641,-0.06877536012423591
baseline_med_cost_lookback_60,500,0.9324986290800078,-0.0675013709199922
baseline_med_cost_lookback_60,501,0.9332583278743792,-0.06674167212562077
baseline_med_cost_lookback_60,502,0.9320574269344549,-0.06794257306554508
baseline_med_cost_lookback_60,503,0.9324480539970671,-0.0675519460029329
baseline_high_cost_lookback_120,0,1.0,0.0
baseline_high_cost_lookback_120,1,1.0,0.0
baseline_high_cost_lookback_120,2,1.0,0.0
baseline_high_cost_lookback_120,3,1.0,0.0
baseline_high_cost_lookback_120,4,1.0,0.0
baseline_high_cost_lookback_120,5,1.0,0.0
baseline_high_cost_lookback_120,6,1.0,0.0
baseline_high_cost_lookback_120,7,1.0,0.0
baseline_high_cost_lookback_120,8,1.0,0.0
baseline_high_cost_lookback_120,9,1.0,0.0
baseline_high_cost_lookback_120,10,1.0,0.0
baseline_high_cost_lookback_120,11,1.0,0.0
baseline_high_cost_lookback_120,12,1.0,0.0
baseline_high_cost_lookback_120,13,1.0,0.0
baseline_high_cost_lookback_120,14,1.0,0.0
baseline_high_cost_lookback_120,15,1.0,0.0
baseline_high_cost_lookback_120,16,1.0,0.0
baseline_high_cost_lookback_120,17,1.0,0.0
baseline_high_cost_lookback_120,18,1.0,0.0
baseline_high_cost_lookback_120,19,1.0,0.0
baseline_high_cost_lookback_120,20,1.0,0.0
baseline_high_cost_lookback_120,21,1.0,0.0
baseline_high_cost_lookback_120,22,1.0,0.0
baseline_high_cost_lookback_120,23,1.0,0.0
baseline_high_cost_lookback_120,24,1.0,0.0
baseline_high_cost_lookback_120,25,1.0,0.0
baseline_high_cost_lookback_120,26,1.0,0.0
baseline_high_cost_lookback_120,27,1.0,0.0
baseline_high_cost_lookback_120,28,1.0,0.0
baseline_high_cost_lookback_120,29,1.0,0.0
baseline_high_cost_lookback_120,30,1.0,0.0
baseline_high_cost_lookback_120,31,1.0,0.0
baseline_high_cost_lookback_120,32,1.0,0.0
baseline_high_cost_lookback_120,33,1.0,0.0
baseline_high_cost_lookback_120,34,1.0,0.0
baseline_high_cost_lookback_120,35,1.0,0.0
baseline_high_cost_lookback_120,36,1.0,0.0
baseline_high_cost_lookback_120,37,1.0,0.0
baseline_high_cost_lookback_120,38,1.0,0.0
baseline_high_cost_lookback_120,39,1.0,0.0
baseline_high_cost_lookback_120,40,1.0,0.0
baseline_high_cost_lookback_120,41,1.0,0.0
baseline_high_cost_lookback_120,42,1.0,0.0
baseline_high_cost_lookback_120,43,1.0,0.0
baseline_high_cost_lookback_120,44,1.0,0.0
baseline_high_cost_lookback_120,45,1.0,0.0
baseline_high_cost_lookback_120,46,1.0,0.0
baseline_high_cost_lookback_120,47,1.0,0.0
baseline_high_cost_lookback_120,48,1.0,0.0
baseline_high_cost_lookback_120,49,1.0,0.0
baseline_high_cost_lookback_120,50,1.0,0.0
baseline_high_cost_lookback_120,51,1.0,0.0
baseline_high_cost_lookback_120,52,1.0,0.0
baseline_high_cost_lookback_120,53,1.0,0.0
baseline_high_cost_lookback_120,54,1.0,0.0
baseline_high_cost_lookback_120,55,1.0,0.0
baseline_high_cost_lookback_120,56,1.0,0.0
baseline_high_cost_lookback_120,57,1.0,0.0
baseline_high_cost_lookback_120,58,1.0,0.0
baseline_high_cost_lookback_120,59,1.0,0.0
baseline_high_cost_lookback_120,60,1.0,0.0
baseline_high_cost_lookback_120,61,1.0,0.0
baseline_high_cost_lookback_120,62,1.0,0.0
baseline_high_cost_lookback_120,63,1.0,0.0
baseline_high_cost_lookback_120,64,1.0,0.0
baseline_high_cost_lookback_120,65,1.0,0.0
baseline_high_cost_lookback_120,66,1.0,0.0
baseline_high_cost_lookback_120,67,1.0,0.0
baseline_high_cost_lookback_120,68,1.0,0.0
baseline_high_cost_lookback_120,69,1.0,0.0
baseline_high_cost_lookback_120,70,1.0,0.0
baseline_high_cost_lookback_120,71,1.0,0.0
baseline_high_cost_lookback_120,72,1.0,0.0
baseline_high_cost_lookback_120,73,1.0,0.0
baseline_high_cost_lookback_120,74,1.0,0.0
baseline_high_cost_lookback_120,75,1.0,0.0
baseline_high_cost_lookback_120,76,1.0,0.0
baseline_high_cost_lookback_120,77,1.0,0.0
baseline_high_cost_lookback_120,78,1.0,0.0
baseline_high_cost_lookback_120,79,1.0,0.0
baseline_high_cost_lookback_120,80,1.0,0.0
baseline_high_cost_lookback_120,81,1.0,0.0
baseline_high_cost_lookback_120,82,1.0,0.0
baseline_high_cost_lookback_120,83,1.0,0.0
baseline_high_cost_lookback_120,84,1.0,0.0
baseline_high_cost_lookback_120,85,1.0,0.0
baseline_high_cost_lookback_120,86,1.0,0.0
baseline_high_cost_lookback_120,87,1.0,0.0
baseline_high_cost_lookback_120,88,1.0,0.0
baseline_high_cost_lookback_120,89,1.0,0.0
baseline_high_cost_lookback_120,90,1.0,0.0
baseline_high_cost_lookback_120,91,1.0,0.0
baseline_high_cost_lookback_120,92,1.0,0.0
baseline_high_cost_lookback_120,93,1.0,0.0
baseline_high_cost_lookback_120,94,1.0,0.0
baseline_high_cost_lookback_120,95,1.0,0.0
baseline_high_cost_lookback_120,96,1.0,0.0
baseline_high_cost_lookback_120,97,1.0,0.0
baseline_high_cost_lookback_120,98,1.0,0.0
baseline_high_cost_lookback_120,99,1.0,0.0
baseline_high_cost_lookback_120,100,1.0,0.0
baseline_high_cost_lookback_120,101,1.0,0.0
baseline_high_cost_lookback_120,102,1.0,0.0
baseline_high_cost_lookback_120,103,1.0,0.0
baseline_high_cost_lookback_120,104,1.0,0.0
baseline_high_cost_lookback_120,105,1.0,0.0
baseline_high_cost_lookback_120,106,1.0,0.0
baseline_high_cost_lookback_120,107,1.0,0.0
baseline_high_cost_lookback_120,108,1.0,0.0
baseline_high_cost_lookback_120,109,1.0,0.0
baseline_high_cost_lookback_120,110,1.0,0.0
baseline_high_cost_lookback_120,111,1.0,0.0
baseline_high_cost_lookback_120,112,1.0,0.0
baseline_high_cost_lookback_120,113,1.0,0.0
baseline_high_cost_lookback_120,114,1.0,0.0
baseline_high_cost_lookback_120,115,1.0,0.0
baseline_high_cost_lookback_120,116,1.0,0.0
baseline_high_cost_lookback_120,117,1.0,0.0
baseline_high_cost_lookback_120,118,1.0,0.0
baseline_high_cost_lookback_120,119,1.0,0.0
baseline_high_cost_lookback_120,120,1.0,0.0
baseline_high_cost_lookback_120,121,1.0,0.0
baseline_high_cost_lookback_120,122,0.9979527145798808,-0.002047285420119227
baseline_high_cost_lookback_120,123,0.9974211121454676,-0.002578887854532419
baseline_high_cost_lookback_120,124,0.9964206154504425,-0.0035793845495575294
baseline_high_cost_lookback_120,125,0.9951594834184819,-0.004840516581518073
baseline_high_cost_lookback_120,126,0.9958020766183336,-0.0041979233816663575
baseline_high_cost_lookback_120,127,0.996758490267964,-0.003241509732035963
baseline_high_cost_lookback_120,128,0.9957000758582344,-0.00429992414176561
baseline_high_cost_lookback_120,129,0.995913973606059,-0.004086026393940956
baseline_high_cost_lookback_120,130,0.995101052125538,-0.00489894787446199
baseline_high_cost_lookback_120,131,0.9939710551823892,-0.0060289448176108484
baseline_high_cost_lookback_120,132,0.9917151175399008,-0.008284882460099174
baseline_high_cost_lookback_120,133,0.9902192871338222,-0.009780712866177765
baseline_high_cost_lookback_120,134,0.9904924459282248,-0.00950755407177517
baseline_high_cost_lookback_120,135,0.9906052355321224,-0.00939476446787757
baseline_high_cost_lookback_120,136,0.9898022283390416,-0.010197771660958366
baseline_high_cost_lookback_120,137,0.9880829992880191,-0.011917000711980874
baseline_high_cost_lookback_120,138,0.9878596675330541,-0.012140332466945902
baseline_high_cost_lookback_120,139,0.9882992531211625,-0.011700746878837487
baseline_high_cost_lookback_120,140,0.9886809873268498,-0.011319012673150164
baseline_high_cost_lookback_120,141,0.9878038632005258,-0.012196136799474178
baseline_high_cost_lookback_120,142,0.9886356006175779,-0.011364399382422063
baseline_high_cost_lookback_120,143,0.98950694147565,-0.010493058524350007
baseline_high_cost_lookback_120,144,0.9883934440029649,-0.011606555997035084
baseline_high_cost_lookback_120,145,0.9866893742295391,-0.013310625770460938
baseline_high_cost_lookback_120,146,0.9854760834611858,-0.014523916538814241
baseline_high_cost_lookback_120,147,0.9867385937761919,-0.013261406223808114
baseline_high_cost_lookback_120,148,0.9856287604311886,-0.014371239568811367
baseline_high_cost_lookback_120,149,0.9834009612677724,-0.016599038732227567
baseline_high_cost_lookback_120,150,0.9814058708282899,-0.018594129171710105
baseline_high_cost_lookback_120,151,0.9812442743887146,-0.018755725611285357
baseline_high_cost_lookback_120,152,0.9818202549889815,-0.01817974501101849
baseline_high_cost_lookback_120,153,0.9812576373136259,-0.01874236268637408
baseline_high_cost_lookback_120,154,0.980921870543735,-0.01907812945626497
baseline_high_cost_lookback_120,155,0.9811820749107175,-0.018817925089282483
baseline_high_cost_lookback_120,156,0.9801344426555744,-0.019865557344425633
baseline_high_cost_lookback_120,157,0.9818066123361113,-0.01819338766388867
baseline_high_cost_lookback_120,158,0.9802578624715005,-0.019742137528499515
baseline_high_cost_lookback_120,159,0.9806343627893515,-0.019365637210648545
baseline_high_cost_lookback_120,160,0.9811667986118261,-0.018833201388173904
baseline_high_cost_lookback_120,161,0.9814077857463286,-0.018592214253671413
baseline_high_cost_lookback_120,162,0.9817110166988875,-0.018288983301112505
baseline_high_cost_lookback_120,163,0.9805280778181207,-0.01947192218187932
baseline_high_cost_lookback_120,164,0.9800957905338391,-0.019904209466160894
baseline_high_cost_lookback_120,165,0.9791073156011876,-0.020892684398812422
baseline_high_cost_lookback_120,166,0.9785682960788393,-0.021431703921160672
baseline_high_cost_lookback_120,167,0.979013060544197,-0.02098693945580299
baseline_high_cost_lookback_120,168,0.9793212324144543,-0.020678767585545654
baseline_high_cost_lookback_120,169,0.9794173107170271,-0.02058268928297291
baseline_high_cost_lookback_120,170,0.9807794527565424,-0.019220547243457564
baseline_high_cost_lookback_120,171,0.980127435193055,-0.019872564806944992
baseline_high_cost_lookback_120,172,0.9810397417365668,-0.018960258263433172
baseline_high_cost_lookback_120,173,0.9811944345454452,-0.018805565454554807
baseline_high_cost_lookback_120,174,0.9807953586559732,-0.019204641344026774
baseline_high_cost_lookback_120,175,0.9815623304359251,-0.018437669564074888
baseline_high_cost_lookback_120,176,0.9817469328407199,-0.0182530671592801
baseline_high_cost_lookback_120,177,0.9813196670108416,-0.018680332989158388
baseline_high_cost_lookback_120,178,0.9813078569645458,-0.01869214303545419
baseline_high_cost_lookback_120,179,0.9813531054801933,-0.018646894519806723
baseline_high_cost_lookback_120,180,0.9817424088540511,-0.018257591145948937
baseline_high_cost_lookback_120,181,0.9827872061219629,-0.01721279387803709
baseline_high_cost_lookback_120,182,0.9820621009499064,-0.017937899050093575
baseline_high_cost_lookback_120,183,0.9801335424723164,-0.019866457527683568
baseline_high_cost_lookback_120,184,0.9809902229666196,-0.01900977703338036
baseline_high_cost_lookback_120,185,0.9826692195434363,-0.017330780456563666
baseline_high_cost_lookback_120,186,0.9829816661716925,-0.01701833382830753
baseline_high_cost_lookback_120,187,0.9815158903831745,-0.01848410961682545
baseline_high_cost_lookback_120,188,0.981297555718265,-0.018702444281734953
baseline_high_cost_lookback_120,189,0.9825879335503859,-0.017412066449614128
baseline_high_cost_lookback_120,190,0.9826497950378315,-0.017350204962168547
baseline_high_cost_lookback_120,191,0.9815082102827766,-0.018491789717223428
baseline_high_cost_lookback_120,192,0.9810056519204737,-0.01899434807952627
baseline_high_cost_lookback_120,193,0.9807896793061134,-0.019210320693886618
baseline_high_cost_lookback_120,194,0.9803701557376762,-0.019629844262323837
baseline_high_cost_lookback_120,195,0.9810087722986344,-0.01899122770136563
baseline_high_cost_lookback_120,196,0.9829468850545132,-0.01705311494548678
baseline_high_cost_lookback_120,197,0.9817388888895808,-0.01826111111041917
baseline_high_cost_lookback_120,198,0.9801798967677099,-0.01982010323229011
baseline_high_cost_lookback_120,199,0.9791541534583758,-0.020845846541624247
baseline_high_cost_lookback_120,200,0.9797330051009867,-0.02026699489901329
baseline_high_cost_lookback_120,201,0.9801902377072506,-0.019809762292749444
baseline_high_cost_lookback_120,202,0.9809971082621164,-0.01900289173788361
baseline_high_cost_lookback_120,203,0.9811296304386778,-0.018870369561322153
baseline_high_cost_lookback_120,204,0.9813855900960119,-0.018614409903988105
baseline_high_cost_lookback_120,205,0.9820496911939011,-0.017950308806098936
baseline_high_cost_lookback_120,206,0.9812596177305145,-0.01874038226948549
baseline_high_cost_lookback_120,207,0.9789323710757585,-0.02106762892424152
baseline_high_cost_lookback_120,208,0.9803730424486219,-0.01962695755137811
baseline_high_cost_lookback_120,209,0.9803871850932665,-0.0196128149067335
baseline_high_cost_lookback_120,210,0.9818652416417556,-0.018134758358244407
baseline_high_cost_lookback_120,211,0.9833867670152284,-0.016613232984771575
baseline_high_cost_lookback_120,212,0.9830306111115933,-0.01696938888840671
baseline_high_cost_lookback_120,213,0.9833751366819615,-0.016624863318038474
baseline_high_cost_lookback_120,214,0.983537855281204,-0.016462144718796035
baseline_high_cost_lookback_120,215,0.9841267324712136,-0.015873267528786372
baseline_high_cost_lookback_120,216,0.9829066180354665,-0.01709338196453347
baseline_high_cost_lookback_120,217,0.9821787310464726,-0.017821268953527425
baseline_high_cost_lookback_120,218,0.981064513339376,-0.018935486660623946
baseline_high_cost_lookback_120,219,0.9809238155294462,-0.019076184470553814
baseline_high_cost_lookback_120,220,0.9813978602827657,-0.018602139717234345
baseline_high_cost_lookback_120,221,0.9807764528800572,-0.019223547119942785
baseline_high_cost_lookback_120,222,0.9816977420985118,-0.018302257901488206
baseline_high_cost_lookback_120,223,0.979193106950046,-0.02080689304995398
baseline_high_cost_lookback_120,224,0.980281065941207,-0.019718934058792992
baseline_high_cost_lookback_120,225,0.9796602932278579,-0.02033970677214214
baseline_high_cost_lookback_120,226,0.9795893230934513,-0.02041067690654874
baseline_high_cost_lookback_120,227,0.9796127256070738,-0.020387274392926202
baseline_high_cost_lookback_120,228,0.9795290667676455,-0.020470933232354493
baseline_high_cost_lookback_120,229,0.9788748141150091,-0.021125185884990905
baseline_high_cost_lookback_120,230,0.9784859122550472,-0.02151408774495278
baseline_high_cost_lookback_120,231,0.9794202159589761,-0.020579784041023896
baseline_high_cost_lookback_120,232,0.977436464779082,-0.02256353522091803
baseline_high_cost_lookback_120,233,0.9783630802268288,-0.02163691977317117
baseline_high_cost_lookback_120,234,0.9779171817552893,-0.0220828182447107
baseline_high_cost_lookback_120,235,0.9762122488324545,-0.0237877511675455
baseline_high_cost_lookback_120,236,0.9761844716533572,-0.0238155283466428
baseline_high_cost_lookback_120,237,0.9770438628576045,-0.022956137142395527
baseline_high_cost_lookback_120,238,0.976342979418008,-0.02365702058199204
baseline_high_cost_lookback_120,239,0.9763960110130995,-0.023603988986900526
baseline_high_cost_lookback_120,240,0.9759988827939586,-0.024001117206041367
baseline_high_cost_lookback_120,241,0.9742743378878381,-0.025725662112161873
baseline_high_cost_lookback_120,242,0.9746492925522914,-0.02535070744770862
baseline_high_cost_lookback_120,243,0.975499701537066,-0.024500298462934
baseline_high_cost_lookback_120,244,0.9731907528907494,-0.02680924710925059
baseline_high_cost_lookback_120,245,0.9728120153720148,-0.027187984627985218
baseline_high_cost_lookback_120,246,0.974979295814133,-0.025020704185866993
baseline_high_cost_lookback_120,247,0.9748819545623642,-0.02511804543763585
baseline_high_cost_lookback_120,248,0.9746947272674774,-0.025305272732522588
baseline_high_cost_lookback_120,249,0.9741311606063748,-0.025868839393625165
baseline_high_cost_lookback_120,250,0.9738552488007026,-0.026144751199297378
baseline_high_cost_lookback_120,251,0.9743678036194653,-0.02563219638053471
baseline_high_cost_lookback_120,252,0.9744952102512777,-0.02550478974872228
baseline_high_cost_lookback_120,253,0.9739416041220327,-0.026058395877967322
baseline_high_cost_lookback_120,254,0.9737557016590173,-0.02624429834098274
baseline_high_cost_lookback_120,255,0.9710527365130576,-0.02894726348694243
baseline_high_cost_lookback_120,256,0.9704667095233639,-0.02953329047663611
baseline_high_cost_lookback_120,257,0.9705752944552682,-0.029424705544731755
baseline_high_cost_lookback_120,258,0.9686226793457996,-0.0313773206542004
baseline_high_cost_lookback_120,259,0.9707278902137539,-0.02927210978624606
baseline_high_cost_lookback_120,260,0.9679598145313967,-0.03204018546860332
baseline_high_cost_lookback_120,261,0.9695503050427171,-0.03044969495728289
baseline_high_cost_lookback_120,262,0.9704497396954725,-0.029550260304527454
baseline_high_cost_lookback_120,263,0.9704474895497233,-0.029552510450276737
baseline_high_cost_lookback_120,264,0.9703745954861172,-0.029625404513882847
baseline_high_cost_lookback_120,265,0.9707545419195818,-0.02924545808041823
baseline_high_cost_lookback_120,266,0.9696525010247038,-0.030347498975296205
baseline_high_cost_lookback_120,267,0.9692707936083688,-0.030729206391631236
baseline_high_cost_lookback_120,268,0.9667154322563722,-0.03328456774362776
baseline_high_cost_lookback_120,269,0.9668158016958334,-0.033184198304166634
baseline_high_cost_lookback_120,270,0.9666806746581721,-0.03331932534182791
baseline_high_cost_lookback_120,271,0.9654955042019256,-0.03450449579807435
baseline_high_cost_lookback_120,272,0.9655680738897767,-0.03443192611022328
baseline_high_cost_lookback_120,273,0.9660633211667766,-0.03393667883322338
baseline_high_cost_lookback_120,274,0.9679041800498329,-0.03209581995016708
baseline_high_cost_lookback_120,275,0.9670643049801374,-0.0329356950198626
baseline_high_cost_lookback_120,276,0.9668743308699735,-0.03312566913002646
baseline_high_cost_lookback_120,277,0.9649483038831274,-0.035051696116872644
baseline_high_cost_lookback_120,278,0.9635089509318407,-0.036491049068159254
baseline_high_cost_lookback_120,279,0.9617257682730115,-0.03827423172698852
baseline_high_cost_lookback_120,280,0.9618949304784439,-0.03810506952155612
baseline_high_cost_lookback_120,281,0.9622268403216668,-0.03777315967833317
baseline_high_cost_lookback_120,282,0.9602387856848766,-0.03976121431512336
baseline_high_cost_lookback_120,283,0.9599740896804145,-0.04002591031958547
baseline_high_cost_lookback_120,284,0.9592984743377928,-0.040701525662207194
baseline_high_cost_lookback_120,285,0.958304661693994,-0.041695338306006025
baseline_high_cost_lookback_120,286,0.9583400319178559,-0.041659968082144117
baseline_high_cost_lookback_120,287,0.9595668301315325,-0.040433169868467456
baseline_high_cost_lookback_120,288,0.9590150302379925,-0.040984969762007495
baseline_high_cost_lookback_120,289,0.9588962227662184,-0.04110377723378156
baseline_high_cost_lookback_120,290,0.9586227380663077,-0.04137726193369229
baseline_high_cost_lookback_120,291,0.9574276681943786,-0.042572331805621366
baseline_high_cost_lookback_120,292,0.9569102827919588,-0.04308971720804122
baseline_high_cost_lookback_120,293,0.9558667299332531,-0.044133270066746944
baseline_high_cost_lookback_120,294,0.9547264955786914,-0.04527350442130862
baseline_high_cost_lookback_120,295,0.9560549132810926,-0.0439450867189074
baseline_high_cost_lookback_120,296,0.9560568530860462,-0.043943146913953846
baseline_high_cost_lookback_120,297,0.9555150518303743,-0.04448494816962567
baseline_high_cost_lookback_120,298,0.9570697885834939,-0.0429302114165061
baseline_high_cost_lookback_120,299,0.9568696371537174,-0.04313036284628258
baseline_high_cost_lookback_120,300,0.9557223436861371,-0.044277656313862934
baseline_high_cost_lookback_120,301,0.9551425530058576,-0.0448574469941424
baseline_high_cost_lookback_120,302,0.9577227639873497,-0.04227723601265032
baseline_high_cost_lookback_120,303,0.9567899332476253,-0.04321006675237471
baseline_high_cost_lookback_120,304,0.9583739417548449,-0.041626058245155084
baseline_high_cost_lookback_120,305,0.9568014695504263,-0.04319853044957367
baseline_high_cost_lookback_120,306,0.9595562871441976,-0.040443712855802394
baseline_high_cost_lookback_120,307,0.9597046510911793,-0.040295348908820694
baseline_high_cost_lookback_120,308,0.9616544281010633,-0.038345571898936726
baseline_high_cost_lookback_120,309,0.9605950638675764,-0.039404936132423574
baseline_high_cost_lookback_120,310,0.9615861955274134,-0.03841380447258658
baseline_high_cost_lookback_120,311,0.9605313824217967,-0.0394686175782033
baseline_high_cost_lookback_120,312,0.9600789637122772,-0.03992103628772281
baseline_high_cost_lookback_120,313,0.9602218860987741,-0.039778113901225876
baseline_high_cost_lookback_120,314,0.9587564844069459,-0.04124351559305406
baseline_high_cost_lookback_120,315,0.957965973254979,-0.04203402674502099
baseline_high_cost_lookback_120,316,0.9574680609556051,-0.042531939044394895
baseline_high_cost_lookback_120,317,0.9573370360033463,-0.0426629639966537
baseline_high_cost_lookback_120,318,0.9561841048106309,-0.043815895189369125
baseline_high_cost_lookback_120,319,0.9564475246680562,-0.04355247533194384
baseline_high_cost_lookback_120,320,0.9566253124308755,-0.04337468756912455
baseline_high_cost_lookback_120,321,0.9565715680084249,-0.04342843199157509
baseline_high_cost_lookback_120,322,0.9550714140620995,-0.0449285859379005
baseline_high_cost_lookback_120,323,0.9551369416290035,-0.04486305837099647
baseline_high_cost_lookback_120,324,0.9540066901115851,-0.04599330988841488
baseline_high_cost_lookback_120,325,0.9539344373915302,-0.046065562608469834
baseline_high_cost_lookback_120,326,0.9526789062963704,-0.04732109370362958
baseline_high_cost_lookback_120,327,0.9525568326918941,-0.04744316730810594
baseline_high_cost_lookback_120,328,0.9510943994998623,-0.0489056005001377
baseline_high_cost_lookback_120,329,0.9503300539079299,-0.049669946092070094
baseline_high_cost_lookback_120,330,0.9506015397310288,-0.04939846026897121
baseline_high_cost_lookback_120,331,0.9505699493947036,-0.04943005060529637
baseline_high_cost_lookback_120,332,0.951072373311882,-0.04892762668811801
baseline_high_cost_lookback_120,333,0.9499936228146058,-0.050006377185394246
baseline_high_cost_lookback_120,334,0.9482910284718156,-0.05170897152818443
baseline_high_cost_lookback_120,335,0.9503134777818868,-0.049686522218113205
baseline_high_cost_lookback_120,336,0.9495328380104207,-0.050467161989579346
baseline_high_cost_lookback_120,337,0.9495266555279235,-0.05047334447207652
baseline_high_cost_lookback_120,338,0.9486503133937907,-0.05134968660620931
baseline_high_cost_lookback_120,339,0.9476409007000384,-0.05235909929996163
baseline_high_cost_lookback_120,340,0.9464514498285227,-0.053548550171477305
baseline_high_cost_lookback_120,341,0.9465798622098728,-0.05342013779012722
baseline_high_cost_lookback_120,342,0.946957813239848,-0.053042186760152044
baseline_high_cost_lookback_120,343,0.9441583498066662,-0.05584165019333376
baseline_high_cost_lookback_120,344,0.9441027816344341,-0.05589721836556594
baseline_high_cost_lookback_120,345,0.9431744470879179,-0.05682555291208213
baseline_high_cost_lookback_120,346,0.9418194351778414,-0.05818056482215861
baseline_high_cost_lookback_120,347,0.942525534509885,-0.057474465490115034
baseline_high_cost_lookback_120,348,0.9426317709251953,-0.057368229074804655
baseline_high_cost_lookback_120,349,0.9417813304899899,-0.05821866951001009
baseline_high_cost_lookback_120,350,0.9390656605359551,-0.06093433946404492
baseline_high_cost_lookback_120,351,0.9376986913447406,-0.0623013086552594
baseline_high_cost_lookback_120,352,0.9373085945840712,-0.06269140541592877
baseline_high_cost_lookback_120,353,0.9384948554425582,-0.061505144557441827
baseline_high_cost_lookback_120,354,0.9386414375760989,-0.06135856242390114
baseline_high_cost_lookback_120,355,0.9390180324290239,-0.06098196757097607
baseline_high_cost_lookback_120,356,0.939215562019753,-0.06078443798024702
baseline_high_cost_lookback_120,357,0.9398076916410768,-0.0601923083589232
baseline_high_cost_lookback_120,358,0.9397015317997758,-0.06029846820022422
baseline_high_cost_lookback_120,359,0.9392276181272129,-0.06077238187278711
baseline_high_cost_lookback_120,360,0.9374981815500757,-0.0625018184499243
baseline_high_cost_lookback_120,361,0.938307286459157,-0.06169271354084305
baseline_high_cost_lookback_120,362,0.9373400920602001,-0.06265990793979992
baseline_high_cost_lookback_120,363,0.9374429355913966,-0.06255706440860342
baseline_high_cost_lookback_120,364,0.9372294656339362,-0.06277053436606383
baseline_high_cost_lookback_120,365,0.9376190251838037,-0.06238097481619631
baseline_high_cost_lookback_120,366,0.9382189156365102,-0.061781084363489835
baseline_high_cost_lookback_120,367,0.938485914536781,-0.061514085463219015
baseline_high_cost_lookback_120,368,0.9382420660172726,-0.06175793398272744
baseline_high_cost_lookback_120,369,0.9372976711672276,-0.06270232883277238
baseline_high_cost_lookback_120,370,0.9370174791216762,-0.06298252087832379
baseline_high_cost_lookback_120,371,0.9365924455871218,-0.06340755441287815
baseline_high_cost_lookback_120,372,0.9341558031235474,-0.0658441968764526
baseline_high_cost_lookback_120,373,0.9320502208312146,-0.06794977916878542
baseline_high_cost_lookback_120,374,0.9330828791045703,-0.06691712089542967
baseline_high_cost_lookback_120,375,0.9358766987873665,-0.06412330121263354
baseline_high_cost_lookback_120,376,0.936010020182261,-0.06398997981773902
baseline_high_cost_lookback_120,377,0.9349251596593028,-0.06507484034069722
baseline_high_cost_lookback_120,378,0.9356157809407544,-0.06438421905924563
baseline_high_cost_lookback_120,379,0.9360790906496838,-0.06392090935031625
baseline_high_cost_lookback_120,380,0.9355740595165457,-0.06442594048345429
baseline_high_cost_lookback_120,381,0.9352827857650043,-0.06471721423499566
baseline_high_cost_lookback_120,382,0.9350324831823501,-0.0649675168176499
baseline_high_cost_lookback_120,383,0.9325295834469001,-0.06747041655309993
baseline_high_cost_lookback_120,384,0.9334346622369665,-0.06656533776303353
baseline_high_cost_lookback_120,385,0.9329065293017159,-0.06709347069828409
baseline_high_cost_lookback_120,386,0.9320049566553649,-0.06799504334463513
baseline_high_cost_lookback_120,387,0.9321582576052959,-0.06784174239470409
baseline_high_cost_lookback_120,388,0.9306119940330547,-0.06938800596694528
baseline_high_cost_lookback_120,389,0.9297544301885352,-0.07024556981146479
baseline_high_cost_lookback_120,390,0.929600209417135,-0.07039979058286505
baseline_high_cost_lookback_120,391,0.9298456300224903,-0.07015436997750968
baseline_high_cost_lookback_120,392,0.9294241699954173,-0.07057583000458267
baseline_high_cost_lookback_120,393,0.930323763419155,-0.06967623658084499
baseline_high_cost_lookback_120,394,0.9299088042496272,-0.07009119575037281
baseline_high_cost_lookback_120,395,0.9299318351490461,-0.0700681648509539
baseline_high_cost_lookback_120,396,0.9291008337205848,-0.07089916627941517
baseline_high_cost_lookback_120,397,0.9293841287808703,-0.07061587121912971
baseline_high_cost_lookback_120,398,0.9273873057867722,-0.0726126942132278
baseline_high_cost_lookback_120,399,0.9284314228412615,-0.07156857715873854
baseline_high_cost_lookback_120,400,0.9266957629420386,-0.07330423705796141
baseline_high_cost_lookback_120,401,0.9255561175015139,-0.0744438824984861
baseline_high_cost_lookback_120,402,0.9257859751002393,-0.0742140248997607
baseline_high_cost_lookback_120,403,0.9241827553099268,-0.07581724469007323
baseline_high_cost_lookback_120,404,0.9219043493710587,-0.0780956506289413
baseline_high_cost_lookback_120,405,0.9215709065446035,-0.0784290934553965
baseline_high_cost_lookback_120,406,0.9231649401612315,-0.07683505983876848
baseline_high_cost_lookback_120,407,0.9235904077527153,-0.07640959224728472
baseline_high_cost_lookback_120,408,0.9230448023266684,-0.07695519767333159
baseline_high_cost_lookback_120,409,0.9228774594502156,-0.0771225405497844
baseline_high_cost_lookback_120,410,0.922355177181735,-0.07764482281826501
baseline_high_cost_lookback_120,411,0.9241774623645147,-0.0758225376354853
baseline_high_cost_lookback_120,412,0.9219578926867973,-0.07804210731320271
baseline_high_cost_lookback_120,413,0.9238374813317868,-0.07616251866821322
baseline_high_cost_lookback_120,414,0.9236430317982454,-0.07635696820175464
baseline_high_cost_lookback_120,415,0.925836336392824,-0.07416366360717597
baseline_high_cost_lookback_120,416,0.9240153155930342,-0.07598468440696582
baseline_high_cost_lookback_120,417,0.9242993056644847,-0.0757006943355153
baseline_high_cost_lookback_120,418,0.9247978322195528,-0.0752021677804472
baseline_high_cost_lookback_120,419,0.925117105447278,-0.07488289455272201
baseline_high_cost_lookback_120,420,0.9262309040732443,-0.07376909592675573
baseline_high_cost_lookback_120,421,0.9257051550875692,-0.07429484491243077
baseline_high_cost_lookback_120,422,0.9255410679108513,-0.07445893208914867
baseline_high_cost_lookback_120,423,0.9255828605160975,-0.0744171394839025
baseline_high_cost_lookback_120,424,0.9271547094137859,-0.07284529058621414
baseline_high_cost_lookback_120,425,0.9257387179509965,-0.07426128204900351
baseline_high_cost_lookback_120,426,0.9263345129509071,-0.07366548704909293
baseline_high_cost_lookback_120,427,0.9255660398328925,-0.07443396016710746
baseline_high_cost_lookback_120,428,0.9267353142632936,-0.07326468573670641
baseline_high_cost_lookback_120,429,0.926650487481746,-0.07334951251825395
baseline_high_cost_lookback_120,430,0.9284363160987857,-0.07156368390121426
baseline_high_cost_lookback_120,431,0.9263503998912798,-0.07364960010872024
baseline_high_cost_lookback_120,432,0.9252838005563196,-0.07471619944368035
baseline_high_cost_lookback_120,433,0.9255648104427454,-0.07443518955725459
baseline_high_cost_lookback_120,434,0.9277887452058285,-0.07221125479417145
baseline_high_cost_lookback_120,435,0.9250619697413859,-0.07493803025861412
baseline_high_cost_lookback_120,436,0.9251428408114499,-0.07485715918855007
baseline_high_cost_lookback_120,437,0.9247570281230861,-0.07524297187691387
baseline_high_cost_lookback_120,438,0.9256496155373107,-0.07435038446268927
baseline_high_cost_lookback_120,439,0.9264990897402164,-0.07350091025978356
baseline_high_cost_lookback_120,440,0.9261307726176797,-0.07386922738232027
baseline_high_cost_lookback_120,441,0.9261080690649319,-0.07389193093506807
baseline_high_cost_lookback_120,442,0.9246364461476498,-0.07536355385235016
baseline_high_cost_lookback_120,443,0.9247592290194634,-0.07524077098053661
baseline_high_cost_lookback_120,444,0.923691746720636,-0.07630825327936397
baseline_high_cost_lookback_120,445,0.9252459823316745,-0.07475401766832546
baseline_high_cost_lookback_120,446,0.9252721073071033,-0.0747278926928967
baseline_high_cost_lookback_120,447,0.923605208091553,-0.076394791908447
baseline_high_cost_lookback_120,448,0.9239068741086812,-0.07609312589131878
baseline_high_cost_lookback_120,449,0.9239704116148942,-0.07602958838510576
baseline_high_cost_lookback_120,450,0.9252607592280013,-0.07473924077199867
baseline_high_cost_lookback_120,451,0.924017324114694,-0.07598267588530605
baseline_high_cost_lookback_120,452,0.9233512113176802,-0.07664878868231983
baseline_high_cost_lookback_120,453,0.92114661259096,-0.07885338740904002
baseline_high_cost_lookback_120,454,0.920199783145076,-0.079800216854924
baseline_high_cost_lookback_120,455,0.9199522157931221,-0.08004778420687786
baseline_high_cost_lookback_120,456,0.9188050156967155,-0.08119498430328453
baseline_high_cost_lookback_120,457,0.9193160696238085,-0.08068393037619148
baseline_high_cost_lookback_120,458,0.9187618150670389,-0.08123818493296109
baseline_high_cost_lookback_120,459,0.9190717802077512,-0.08092821979224885
baseline_high_cost_lookback_120,460,0.91789800235932,-0.08210199764068005
baseline_high_cost_lookback_120,461,0.9166788604759609,-0.08332113952403908
baseline_high_cost_lookback_120,462,0.9144961813943516,-0.08550381860564837
baseline_high_cost_lookback_120,463,0.9154502437683727,-0.0845497562316273
baseline_high_cost_lookback_120,464,0.9155839591116196,-0.0844160408883804
baseline_high_cost_lookback_120,465,0.9139937938477921,-0.08600620615220789
baseline_high_cost_lookback_120,466,0.9117689471568815,-0.0882310528431185
baseline_high_cost_lookback_120,467,0.9099114811186403,-0.09008851888135971
baseline_high_cost_lookback_120,468,0.9098080043454494,-0.0901919956545506
baseline_high_cost_lookback_120,469,0.910017098962528,-0.08998290103747197
baseline_high_cost_lookback_120,470,0.9091270492511468,-0.09087295074885315
baseline_high_cost_lookback_120,471,0.9093783394051295,-0.09062166059487053
baseline_high_cost_lookback_120,472,0.9084322593015947,-0.09156774069840534
baseline_high_cost_lookback_120,473,0.9099078113008492,-0.09009218869915081
baseline_high_cost_lookback_120,474,0.9082370826364753,-0.09176291736352471
baseline_high_cost_lookback_120,475,0.9072038757550729,-0.09279612424492711
baseline_high_cost_lookback_120,476,0.9086174827766287,-0.09138251722337132
baseline_high_cost_lookback_120,477,0.9095802836499116,-0.09041971635008839
baseline_high_cost_lookback_120,478,0.909997892008526,-0.09000210799147401
baseline_high_cost_lookback_120,479,0.9095979553438176,-0.0904020446561824
baseline_high_cost_lookback_120,480,0.9114627456189084,-0.08853725438109161
baseline_high_cost_lookback_120,481,0.9091296590605181,-0.09087034093948188
baseline_high_cost_lookback_120,482,0.9095757493180334,-0.09042425068196658
baseline_high_cost_lookback_120,483,0.9092849225419429,-0.09071507745805707
baseline_high_cost_lookback_120,484,0.9102494190919478,-0.08975058090805221
baseline_high_cost_lookback_120,485,0.9124342922164355,-0.08756570778356454
baseline_high_cost_lookback_120,486,0.9119224410550187,-0.08807755894498126
baseline_high_cost_lookback_120,487,0.9109632075441967,-0.08903679245580332
baseline_high_cost_lookback_120,488,0.9103058327264253,-0.08969416727357471
baseline_high_cost_lookback_120,489,0.9096267211395598,-0.09037327886044022
baseline_high_cost_lookback_120,490,0.9083668669344703,-0.09163313306552967
baseline_high_cost_lookback_120,491,0.9085317265646335,-0.09146827343536645
baseline_high_cost_lookback_120,492,0.907697073931551,-0.09230292606844903
baseline_high_cost_lookback_120,493,0.9066598700882005,-0.09334012991179952
baseline_high_cost_lookback_120,494,0.9061606492134626,-0.09383935078653738
baseline_high_cost_lookback_120,495,0.9048046193692487,-0.09519538063075128
baseline_high_cost_lookback_120,496,0.9046266902931818,-0.09537330970681823
baseline_high_cost_lookback_120,497,0.9036134005467242,-0.09638659945327577
baseline_high_cost_lookback_120,498,0.9039194289597945,-0.09608057104020551
baseline_high_cost_lookback_120,499,0.9031306029050699,-0.09686939709493014
baseline_high_cost_lookback_120,500,0.903191005805523,-0.09680899419447697
baseline_high_cost_lookback_120,501,0.9022092309150344,-0.09779076908496565
baseline_high_cost_lookback_120,502,0.9013300192350169,-0.09866998076498312
baseline_high_cost_lookback_120,503,0.9023442463215713,-0.09765575367842871
